# Blender 4.0.2
# www.blender.org
o Teapot
v 0.115848 0.580981 0.344870
v 0.112728 0.596232 0.335582
v 0.000000 0.596232 0.353333
v 0.000000 0.580981 0.363113
v 0.109654 0.603857 0.326431
v 0.000000 0.603857 0.343699
v 0.107368 0.603857 0.319626
v 0.000000 0.603857 0.336533
v 0.106611 0.596232 0.317373
v 0.000000 0.596232 0.334161
v 0.108124 0.580981 0.321879
v 0.000000 0.580981 0.338906
v 0.215660 0.580981 0.293860
v 0.209852 0.596232 0.285946
v 0.204130 0.603857 0.278149
v 0.199874 0.603857 0.272350
v 0.198465 0.596232 0.270430
v 0.201283 0.580981 0.274270
v 0.293860 0.580981 0.215660
v 0.285946 0.596232 0.209852
v 0.278149 0.603857 0.204130
v 0.272350 0.603857 0.199874
v 0.270430 0.596232 0.198465
v 0.274270 0.580981 0.201283
v 0.344870 0.580981 0.115848
v 0.335582 0.596232 0.112728
v 0.326431 0.603857 0.109654
v 0.319626 0.603857 0.107368
v 0.317373 0.596232 0.106611
v 0.321879 0.580981 0.108124
v 0.363113 0.580981 -0.000000
v 0.353333 0.596232 -0.000000
v 0.343699 0.603857 -0.000000
v 0.336533 0.603857 -0.000000
v 0.334161 0.596232 -0.000000
v 0.338906 0.580981 -0.000000
v -0.344870 0.580981 0.115848
v -0.335582 0.596232 0.112728
v -0.353333 0.596232 -0.000000
v -0.363113 0.580981 -0.000000
v -0.326431 0.603857 0.109654
v -0.343699 0.603857 -0.000000
v -0.319626 0.603857 0.107368
v -0.336533 0.603857 -0.000000
v -0.317373 0.596232 0.106611
v -0.334161 0.596232 -0.000000
v -0.321879 0.580981 0.108124
v -0.338906 0.580981 -0.000000
v -0.293860 0.580981 0.215660
v -0.285946 0.596232 0.209852
v -0.278149 0.603857 0.204130
v -0.272350 0.603857 0.199874
v -0.270430 0.596232 0.198465
v -0.274270 0.580981 0.201283
v -0.215660 0.580981 0.293860
v -0.209852 0.596232 0.285946
v -0.204130 0.603857 0.278149
v -0.199874 0.603857 0.272350
v -0.198465 0.596232 0.270430
v -0.201283 0.580981 0.274270
v -0.115848 0.580981 0.344870
v -0.112728 0.596232 0.335582
v -0.109654 0.603857 0.326431
v -0.107368 0.603857 0.319626
v -0.106611 0.596232 0.317373
v -0.108124 0.580981 0.321879
v -0.115848 0.580981 -0.344870
v -0.112728 0.596232 -0.335582
v 0.000000 0.596232 -0.353333
v 0.000000 0.580981 -0.363113
v -0.109654 0.603857 -0.326431
v 0.000000 0.603857 -0.343699
v -0.107368 0.603857 -0.319626
v 0.000000 0.603857 -0.336533
v -0.106611 0.596232 -0.317373
v 0.000000 0.596232 -0.334161
v -0.108124 0.580981 -0.321879
v 0.000000 0.580981 -0.338906
v -0.215660 0.580981 -0.293860
v -0.209852 0.596232 -0.285946
v -0.204130 0.603857 -0.278149
v -0.199874 0.603857 -0.272350
v -0.198465 0.596232 -0.270430
v -0.201283 0.580981 -0.274270
v -0.293860 0.580981 -0.215660
v -0.285946 0.596232 -0.209852
v -0.278149 0.603857 -0.204130
v -0.272350 0.603857 -0.199874
v -0.270430 0.596232 -0.198465
v -0.274270 0.580981 -0.201283
v -0.344870 0.580981 -0.115848
v -0.335582 0.596232 -0.112728
v -0.326431 0.603857 -0.109654
v -0.319626 0.603857 -0.107368
v -0.317373 0.596232 -0.106611
v -0.321879 0.580981 -0.108124
v 0.344870 0.580981 -0.115848
v 0.335582 0.596232 -0.112728
v 0.326431 0.603857 -0.109654
v 0.319626 0.603857 -0.107368
v 0.317373 0.596232 -0.106611
v 0.321879 0.580981 -0.108124
v 0.293860 0.580981 -0.215660
v 0.285946 0.596232 -0.209852
v 0.278149 0.603857 -0.204130
v 0.272350 0.603857 -0.199874
v 0.270430 0.596232 -0.198465
v 0.274270 0.580981 -0.201283
v 0.215660 0.580981 -0.293860
v 0.209852 0.596232 -0.285946
v 0.204130 0.603857 -0.278149
v 0.199874 0.603857 -0.272350
v 0.198465 0.596232 -0.270430
v 0.201283 0.580981 -0.274270
v 0.115848 0.580981 -0.344870
v 0.112728 0.596232 -0.335582
v 0.109654 0.603857 -0.326431
v 0.107368 0.603857 -0.319626
v 0.106611 0.596232 -0.317373
v 0.108124 0.580981 -0.321879
v 0.154464 0.217868 0.459827
v 0.152301 0.285262 0.453390
v 0.000000 0.285262 0.477373
v 0.000000 0.217868 0.484151
v 0.146431 0.356141 0.435916
v 0.000000 0.356141 0.458975
v 0.137781 0.429636 0.410166
v 0.000000 0.429636 0.431863
v 0.127278 0.504873 0.378898
v 0.000000 0.504873 0.398940
v 0.287547 0.217868 0.391814
v 0.283521 0.285262 0.386328
v 0.272595 0.356141 0.371439
v 0.256492 0.429636 0.349498
v 0.236939 0.504873 0.322855
v 0.391814 0.217868 0.287547
v 0.386328 0.285262 0.283521
v 0.371439 0.356142 0.272595
v 0.349498 0.429636 0.256492
v 0.322855 0.504873 0.236939
v 0.459827 0.217868 0.154464
v 0.453390 0.285262 0.152301
v 0.435916 0.356142 0.146431
v 0.410166 0.429636 0.137781
v 0.378898 0.504873 0.127278
v 0.484151 0.217868 -0.000000
v 0.477373 0.285262 -0.000000
v 0.458975 0.356141 -0.000000
v 0.431863 0.429636 -0.000000
v 0.398940 0.504873 -0.000000
v -0.459827 0.217868 0.154464
v -0.453390 0.285262 0.152301
v -0.477373 0.285262 -0.000000
v -0.484151 0.217868 -0.000000
v -0.435916 0.356141 0.146431
v -0.458975 0.356141 -0.000000
v -0.410166 0.429636 0.137781
v -0.431863 0.429636 -0.000000
v -0.378898 0.504873 0.127278
v -0.398940 0.504873 -0.000000
v -0.391814 0.217868 0.287547
v -0.386328 0.285262 0.283521
v -0.371439 0.356141 0.272595
v -0.349498 0.429636 0.256492
v -0.322855 0.504873 0.236939
v -0.287547 0.217868 0.391814
v -0.283521 0.285262 0.386328
v -0.272595 0.356142 0.371439
v -0.256492 0.429636 0.349498
v -0.236939 0.504873 0.322855
v -0.154464 0.217868 0.459827
v -0.152301 0.285262 0.453390
v -0.146431 0.356142 0.435916
v -0.137781 0.429636 0.410166
v -0.127278 0.504873 0.378898
v -0.154464 0.217868 -0.459827
v -0.152301 0.285262 -0.453390
v 0.000000 0.285262 -0.477373
v 0.000000 0.217868 -0.484151
v -0.146431 0.356141 -0.435916
v 0.000000 0.356141 -0.458975
v -0.137781 0.429636 -0.410166
v 0.000000 0.429636 -0.431863
v -0.127278 0.504873 -0.378898
v 0.000000 0.504873 -0.398940
v -0.287547 0.217868 -0.391814
v -0.283521 0.285262 -0.386328
v -0.272595 0.356141 -0.371439
v -0.256492 0.429636 -0.349498
v -0.236939 0.504873 -0.322855
v -0.391814 0.217868 -0.287547
v -0.386328 0.285262 -0.283521
v -0.371439 0.356142 -0.272595
v -0.349498 0.429636 -0.256492
v -0.322855 0.504873 -0.236939
v -0.459827 0.217868 -0.154464
v -0.453390 0.285262 -0.152301
v -0.435916 0.356142 -0.146431
v -0.410166 0.429636 -0.137781
v -0.378898 0.504873 -0.127278
v 0.459827 0.217868 -0.154464
v 0.453390 0.285262 -0.152301
v 0.435916 0.356141 -0.146431
v 0.410166 0.429636 -0.137781
v 0.378898 0.504873 -0.127278
v 0.391814 0.217868 -0.287547
v 0.386328 0.285262 -0.283521
v 0.371439 0.356141 -0.272595
v 0.349498 0.429636 -0.256492
v 0.322855 0.504873 -0.236939
v 0.287547 0.217868 -0.391814
v 0.283521 0.285262 -0.386328
v 0.272595 0.356142 -0.371439
v 0.256492 0.429636 -0.349498
v 0.236939 0.504873 -0.322855
v 0.154464 0.217868 -0.459827
v 0.152301 0.285262 -0.453390
v 0.146431 0.356142 -0.435916
v 0.137781 0.429636 -0.410166
v 0.127278 0.504873 -0.378898
v 0.119864 0.051707 0.356826
v 0.000000 0.051707 0.375701
v 0.000000 0.036311 0.363113
v 0.129440 0.076690 0.385335
v 0.000000 0.076690 0.405719
v 0.140871 0.112129 0.419363
v 0.000000 0.112129 0.441546
v 0.150448 0.158898 0.447872
v 0.000000 0.158898 0.471563
v 0.215660 0.036311 0.293860
v 0.223136 0.051707 0.304047
v 0.240964 0.076690 0.328340
v 0.262243 0.112129 0.357334
v 0.280071 0.158898 0.381627
v 0.293860 0.036311 0.215660
v 0.304047 0.051707 0.223136
v 0.328340 0.076690 0.240964
v 0.357334 0.112129 0.262243
v 0.381627 0.158898 0.280071
v 0.344870 0.036311 0.115848
v 0.356826 0.051707 0.119864
v 0.385335 0.076690 0.129440
v 0.419363 0.112129 0.140871
v 0.447872 0.158898 0.150447
v 0.363113 0.036311 -0.000000
v 0.375701 0.051707 -0.000000
v 0.405719 0.076690 -0.000000
v 0.441546 0.112129 -0.000000
v 0.471563 0.158898 -0.000000
v -0.344870 0.036311 0.115848
v -0.356826 0.051707 0.119864
v -0.375701 0.051707 -0.000000
v -0.363113 0.036311 -0.000000
v -0.385335 0.076690 0.129440
v -0.405719 0.076690 -0.000000
v -0.419363 0.112129 0.140871
v -0.441546 0.112129 -0.000000
v -0.447872 0.158898 0.150448
v -0.471563 0.158898 -0.000000
v -0.293860 0.036311 0.215660
v -0.304047 0.051707 0.223136
v -0.328340 0.076690 0.240964
v -0.357334 0.112129 0.262243
v -0.381627 0.158898 0.280071
v -0.215660 0.036311 0.293860
v -0.223136 0.051707 0.304047
v -0.240964 0.076690 0.328340
v -0.262243 0.112129 0.357334
v -0.280071 0.158898 0.381627
v -0.115848 0.036311 0.344870
v -0.119864 0.051707 0.356826
v -0.129440 0.076690 0.385335
v -0.140871 0.112129 0.419363
v -0.150447 0.158898 0.447872
v -0.115848 0.036311 -0.344870
v -0.119864 0.051707 -0.356826
v 0.000000 0.051707 -0.375701
v 0.000000 0.036311 -0.363113
v -0.129440 0.076690 -0.385335
v 0.000000 0.076690 -0.405719
v -0.140871 0.112129 -0.419363
v 0.000000 0.112129 -0.441546
v -0.150448 0.158898 -0.447872
v 0.000000 0.158898 -0.471563
v -0.215660 0.036311 -0.293860
v -0.223136 0.051707 -0.304047
v -0.240964 0.076690 -0.328340
v -0.262243 0.112129 -0.357334
v -0.280071 0.158898 -0.381627
v -0.293860 0.036311 -0.215660
v -0.304047 0.051707 -0.223136
v -0.328340 0.076690 -0.240964
v -0.357334 0.112129 -0.262243
v -0.381627 0.158898 -0.280071
v -0.356826 0.051707 -0.119864
v -0.385335 0.076690 -0.129440
v -0.419363 0.112129 -0.140871
v -0.447872 0.158898 -0.150447
v 0.344870 0.036311 -0.115848
v 0.356826 0.051707 -0.119864
v 0.385335 0.076690 -0.129440
v 0.419363 0.112129 -0.140871
v 0.447872 0.158898 -0.150448
v 0.293860 0.036311 -0.215660
v 0.304047 0.051707 -0.223136
v 0.328340 0.076690 -0.240964
v 0.357334 0.112129 -0.262243
v 0.381627 0.158898 -0.280071
v 0.215660 0.036311 -0.293860
v 0.223136 0.051707 -0.304047
v 0.240964 0.076690 -0.328340
v 0.262243 0.112129 -0.357334
v 0.280071 0.158898 -0.381627
v 0.115848 0.036311 -0.344870
v 0.119864 0.051707 -0.356826
v 0.129440 0.076690 -0.385335
v 0.140871 0.112129 -0.419363
v 0.150447 0.158898 -0.447872
v -0.718674 0.435736 0.034859
v -0.704472 0.486131 0.034859
v -0.711702 0.488896 -0.000000
v -0.726227 0.435736 -0.000000
v -0.661945 0.516699 0.034859
v -0.668128 0.521140 -0.000000
v -0.591216 0.532396 0.034859
v -0.595506 0.537698 -0.000000
v -0.492404 0.538179 0.034859
v -0.493834 0.543798 -0.000000
v -0.365631 0.539005 0.034859
v -0.363113 0.544670 -0.000000
v -0.700663 0.435736 0.052288
v -0.687230 0.479540 0.052288
v -0.647201 0.506109 0.052288
v -0.580986 0.519753 0.052288
v -0.488994 0.524779 0.052288
v -0.371634 0.525498 0.052288
v -0.679167 0.435736 0.052288
v -0.666651 0.471672 0.052288
v -0.629602 0.493469 0.052288
v -0.568776 0.504662 0.052288
v -0.484924 0.508786 0.052288
v -0.378800 0.509375 0.052288
v -0.661157 0.435736 0.034859
v -0.649408 0.465080 0.034859
v -0.614858 0.482879 0.034859
v -0.558546 0.492019 0.034859
v -0.481514 0.495386 0.034859
v -0.384803 0.495868 0.034859
v -0.653604 0.435736 -0.000000
v -0.642178 0.462316 -0.000000
v -0.608675 0.478438 -0.000000
v -0.554256 0.486717 -0.000000
v -0.480084 0.489767 -0.000000
v -0.387321 0.490203 -0.000000
v -0.661157 0.435736 -0.034859
v -0.649408 0.465080 -0.034859
v -0.614858 0.482879 -0.034859
v -0.558546 0.492019 -0.034859
v -0.481514 0.495386 -0.034859
v -0.384803 0.495868 -0.034859
v -0.679167 0.435736 -0.052288
v -0.666651 0.471672 -0.052288
v -0.629602 0.493469 -0.052288
v -0.568776 0.504662 -0.052288
v -0.484924 0.508786 -0.052288
v -0.378800 0.509375 -0.052288
v -0.700663 0.435736 -0.052288
v -0.687230 0.479540 -0.052288
v -0.647201 0.506109 -0.052288
v -0.580986 0.519753 -0.052288
v -0.488994 0.524779 -0.052288
v -0.371634 0.525498 -0.052288
v -0.718674 0.435736 -0.034859
v -0.704472 0.486131 -0.034859
v -0.661945 0.516699 -0.034859
v -0.591216 0.532396 -0.034859
v -0.492404 0.538179 -0.034859
v -0.365631 0.539005 -0.034859
v -0.462461 0.152798 0.034859
v -0.556408 0.202595 0.034859
v -0.557355 0.196372 -0.000000
v -0.459943 0.145245 -0.000000
v -0.628361 0.256722 0.034859
v -0.632108 0.251420 -0.000000
v -0.678963 0.314243 0.034859
v -0.684783 0.309954 -0.000000
v -0.708853 0.374226 0.034859
v -0.715963 0.371538 -0.000000
v -0.468465 0.170808 0.052288
v -0.554151 0.217436 0.052288
v -0.619428 0.269365 0.052288
v -0.665083 0.324473 0.052288
v -0.691899 0.380638 0.052288
v -0.475630 0.192305 0.052288
v -0.551457 0.235149 0.052288
v -0.608766 0.284455 0.052288
v -0.648516 0.336683 0.052288
v -0.671664 0.388291 0.052288
v -0.481633 0.210315 0.034859
v -0.549199 0.249989 0.034859
v -0.599833 0.297099 0.034859
v -0.634636 0.346913 0.034859
v -0.654710 0.394702 0.034859
v -0.548253 0.256213 -0.000000
v -0.596087 0.302401 -0.000000
v -0.628815 0.351203 -0.000000
v -0.647600 0.397391 -0.000000
v -0.481633 0.210315 -0.034859
v -0.549199 0.249989 -0.034859
v -0.599833 0.297099 -0.034859
v -0.634636 0.346913 -0.034859
v -0.654710 0.394702 -0.034859
v -0.475630 0.192305 -0.052288
v -0.551457 0.235149 -0.052288
v -0.608766 0.284455 -0.052288
v -0.648516 0.336683 -0.052288
v -0.671664 0.388291 -0.052288
v -0.468465 0.170808 -0.052288
v -0.554151 0.217436 -0.052288
v -0.619428 0.269365 -0.052288
v -0.665083 0.324473 -0.052288
v -0.691899 0.380638 -0.052288
v -0.462461 0.152798 -0.034859
v -0.556408 0.202595 -0.034859
v -0.628361 0.256722 -0.034859
v -0.678963 0.314243 -0.034859
v -0.708853 0.374226 -0.034859
v 0.783744 0.580981 0.029049
v 0.697532 0.508376 0.034004
v 0.707442 0.506035 -0.000000
v 0.798849 0.580981 -0.000000
v 0.658022 0.410568 0.045819
v 0.665998 0.404072 -0.000000
v 0.624397 0.307566 0.059920
v 0.631527 0.296010 -0.000000
v 0.555838 0.219379 0.071735
v 0.561034 0.202762 -0.000000
v 0.411528 0.166015 0.076690
v 0.411528 0.145245 -0.000000
v 0.747723 0.580981 0.043574
v 0.673903 0.513959 0.051006
v 0.639003 0.426057 0.068728
v 0.607395 0.335122 0.089880
v 0.543447 0.259001 0.107602
v 0.411528 0.215544 0.115034
v 0.704730 0.580981 0.043574
v 0.645700 0.520623 0.051006
v 0.616303 0.444544 0.068728
v 0.587102 0.368011 0.089880
v 0.528657 0.306293 0.107602
v 0.411528 0.274659 0.115034
v 0.668709 0.580981 0.029049
v 0.622070 0.526206 0.034004
v 0.597284 0.460033 0.045819
v 0.570101 0.395567 0.059920
v 0.516266 0.345916 0.071735
v 0.411528 0.324188 0.076690
v 0.653604 0.580981 -0.000000
v 0.612161 0.528548 -0.000000
v 0.589309 0.466528 -0.000000
v 0.562971 0.407123 -0.000000
v 0.511070 0.362532 -0.000000
v 0.411528 0.344958 -0.000000
v 0.668709 0.580981 -0.029049
v 0.622070 0.526206 -0.034004
v 0.597284 0.460033 -0.045819
v 0.570101 0.395567 -0.059920
v 0.516266 0.345916 -0.071735
v 0.411528 0.324188 -0.076690
v 0.704730 0.580981 -0.043574
v 0.645700 0.520623 -0.051006
v 0.616303 0.444544 -0.068728
v 0.587102 0.368011 -0.089880
v 0.528657 0.306293 -0.107602
v 0.411528 0.274659 -0.115034
v 0.747723 0.580981 -0.043574
v 0.673903 0.513959 -0.051006
v 0.639003 0.426057 -0.068728
v 0.607395 0.335122 -0.089880
v 0.543447 0.259001 -0.107602
v 0.411528 0.215544 -0.115034
v 0.783744 0.580981 -0.029049
v 0.697532 0.508376 -0.034004
v 0.658023 0.410568 -0.045819
v 0.624397 0.307566 -0.059920
v 0.555838 0.219379 -0.071735
v 0.411528 0.166015 -0.076690
v 0.764571 0.580981 0.017429
v 0.793281 0.593210 0.018638
v 0.805627 0.593618 -0.000000
v 0.774642 0.580981 -0.000000
v 0.810613 0.598738 0.021520
v 0.824993 0.599282 -0.000000
v 0.815507 0.598153 0.024959
v 0.831287 0.598629 -0.000000
v 0.806904 0.592039 0.027841
v 0.823057 0.592310 -0.000000
v 0.740557 0.580981 0.026144
v 0.763840 0.592237 0.027957
v 0.776321 0.597442 0.032279
v 0.777877 0.597018 0.037438
v 0.768386 0.591390 0.041761
v 0.711896 0.580981 0.026144
v 0.728701 0.591076 0.027957
v 0.735392 0.595894 0.032279
v 0.732964 0.595664 0.037438
v 0.722412 0.590616 0.041761
v 0.687882 0.580981 0.017429
v 0.699260 0.590104 0.018638
v 0.701100 0.594597 0.021520
v 0.695335 0.594529 0.024959
v 0.683894 0.589968 0.027841
v 0.677811 0.580981 -0.000000
v 0.686914 0.589696 -0.000000
v 0.686720 0.594053 -0.000000
v 0.679554 0.594053 -0.000000
v 0.667741 0.589696 -0.000000
v 0.687882 0.580981 -0.017429
v 0.699260 0.590104 -0.018638
v 0.701100 0.594597 -0.021520
v 0.695335 0.594529 -0.024959
v 0.683894 0.589968 -0.027841
v 0.711896 0.580981 -0.026144
v 0.728701 0.591076 -0.027957
v 0.735392 0.595894 -0.032279
v 0.732964 0.595664 -0.037438
v 0.722412 0.590616 -0.041761
v 0.740557 0.580981 -0.026144
v 0.763840 0.592237 -0.027957
v 0.776321 0.597442 -0.032279
v 0.777877 0.597018 -0.037438
v 0.768386 0.591390 -0.041761
v 0.764571 0.580981 -0.017429
v 0.793281 0.593210 -0.018638
v 0.810613 0.598738 -0.021520
v 0.815507 0.598153 -0.024959
v 0.806904 0.592039 -0.027841
v 0.015446 0.653604 0.045983
v 0.013858 0.678877 0.041205
v 0.000000 0.678877 0.043380
v 0.000000 0.653604 0.048415
v 0.021184 0.707635 0.062918
v 0.000000 0.707635 0.066232
v 0.027760 0.734651 0.082421
v 0.000000 0.734651 0.086760
v 0.023921 0.754695 0.071015
v 0.000000 0.754695 0.074753
v 0.000000 0.762538 -0.000000
v 0.028755 0.653604 0.039181
v 0.025784 0.678877 0.035120
v 0.039397 0.707635 0.053640
v 0.051619 0.734651 0.070273
v 0.044478 0.754695 0.060550
v 0.039181 0.653604 0.028755
v 0.035120 0.678877 0.025784
v 0.053640 0.707635 0.039397
v 0.070273 0.734651 0.051619
v 0.060550 0.754695 0.044478
v 0.045983 0.653604 0.015446
v 0.041205 0.678877 0.013858
v 0.062918 0.707635 0.021184
v 0.082421 0.734651 0.027760
v 0.071015 0.754695 0.023921
v 0.048415 0.653604 -0.000000
v 0.043380 0.678877 -0.000000
v 0.066232 0.707635 -0.000000
v 0.086760 0.734651 -0.000000
v 0.074753 0.754695 -0.000000
v -0.045983 0.653604 0.015446
v -0.041205 0.678877 0.013858
v -0.043380 0.678877 -0.000000
v -0.048415 0.653604 -0.000000
v -0.062918 0.707635 0.021184
v -0.066232 0.707635 -0.000000
v -0.082421 0.734651 0.027760
v -0.086760 0.734651 -0.000000
v -0.071015 0.754695 0.023921
v -0.074753 0.754695 -0.000000
v -0.039181 0.653604 0.028755
v -0.035120 0.678877 0.025784
v -0.053640 0.707635 0.039397
v -0.070273 0.734651 0.051619
v -0.060550 0.754695 0.044478
v -0.028755 0.653604 0.039181
v -0.025784 0.678877 0.035120
v -0.039397 0.707635 0.053640
v -0.051619 0.734651 0.070273
v -0.044478 0.754695 0.060550
v -0.015446 0.653604 0.045983
v -0.013858 0.678877 0.041205
v -0.021184 0.707635 0.062918
v -0.027760 0.734651 0.082421
v -0.023921 0.754695 0.071015
v -0.015446 0.653604 -0.045983
v -0.013858 0.678877 -0.041205
v 0.000000 0.678877 -0.043380
v 0.000000 0.653604 -0.048415
v -0.021184 0.707635 -0.062918
v 0.000000 0.707635 -0.066232
v -0.027760 0.734651 -0.082421
v 0.000000 0.734651 -0.086760
v -0.023921 0.754695 -0.071015
v 0.000000 0.754695 -0.074753
v -0.028755 0.653604 -0.039181
v -0.025784 0.678877 -0.035120
v -0.039397 0.707635 -0.053640
v -0.051619 0.734651 -0.070273
v -0.044478 0.754695 -0.060550
v -0.039181 0.653604 -0.028755
v -0.035120 0.678877 -0.025784
v -0.053640 0.707635 -0.039397
v -0.070273 0.734651 -0.051619
v -0.060550 0.754695 -0.044478
v -0.045983 0.653604 -0.015446
v -0.041205 0.678877 -0.013858
v -0.062918 0.707635 -0.021184
v -0.082421 0.734651 -0.027760
v -0.071015 0.754695 -0.023921
v 0.045983 0.653604 -0.015446
v 0.041205 0.678877 -0.013858
v 0.062918 0.707635 -0.021184
v 0.082421 0.734651 -0.027760
v 0.071015 0.754695 -0.023921
v 0.039181 0.653604 -0.028755
v 0.035120 0.678877 -0.025784
v 0.053640 0.707635 -0.039397
v 0.070273 0.734651 -0.051619
v 0.060550 0.754695 -0.044478
v 0.028755 0.653604 -0.039181
v 0.025784 0.678877 -0.035120
v 0.039397 0.707635 -0.053640
v 0.051619 0.734651 -0.070273
v 0.044478 0.754695 -0.060550
v 0.015446 0.653604 -0.045983
v 0.013858 0.678877 -0.041205
v 0.021184 0.707635 -0.062918
v 0.027760 0.734651 -0.082421
v 0.023921 0.754695 -0.071015
v 0.100401 0.580981 0.298888
v 0.093049 0.598992 0.277000
v 0.000000 0.598992 0.291653
v 0.000000 0.580981 0.314698
v 0.074946 0.611773 0.223108
v 0.000000 0.611773 0.234910
v 0.052023 0.622812 0.154870
v 0.000000 0.622812 0.163062
v 0.030213 0.635594 0.089942
v 0.000000 0.635593 0.094700
v 0.186906 0.580981 0.254679
v 0.173218 0.598992 0.236029
v 0.139518 0.611773 0.190108
v 0.096846 0.622812 0.131963
v 0.056244 0.635594 0.076639
v 0.254679 0.580981 0.186906
v 0.236029 0.598992 0.173218
v 0.190108 0.611773 0.139518
v 0.131963 0.622812 0.096846
v 0.076639 0.635594 0.056244
v 0.298888 0.580981 0.100401
v 0.277000 0.598992 0.093049
v 0.223108 0.611773 0.074946
v 0.154870 0.622812 0.052023
v 0.089942 0.635594 0.030213
v 0.314698 0.580981 -0.000000
v 0.291653 0.598992 -0.000000
v 0.234910 0.611773 -0.000000
v 0.163062 0.622812 -0.000000
v 0.094700 0.635593 -0.000000
v -0.298888 0.580981 0.100401
v -0.277000 0.598992 0.093049
v -0.291653 0.598992 -0.000000
v -0.314698 0.580981 -0.000000
v -0.223108 0.611773 0.074946
v -0.234910 0.611773 -0.000000
v -0.154870 0.622812 0.052023
v -0.163062 0.622812 -0.000000
v -0.089942 0.635594 0.030213
v -0.094700 0.635593 -0.000000
v -0.254679 0.580981 0.186906
v -0.236029 0.598992 0.173218
v -0.190108 0.611773 0.139518
v -0.131963 0.622812 0.096846
v -0.076639 0.635594 0.056244
v -0.186906 0.580981 0.254679
v -0.173218 0.598992 0.236029
v -0.139518 0.611773 0.190108
v -0.096846 0.622812 0.131963
v -0.056244 0.635594 0.076639
v -0.100401 0.580981 0.298888
v -0.093049 0.598992 0.277000
v -0.074946 0.611773 0.223108
v -0.052023 0.622812 0.154870
v -0.030213 0.635594 0.089942
v -0.100401 0.580981 -0.298888
v -0.093049 0.598992 -0.277000
v 0.000000 0.598992 -0.291653
v 0.000000 0.580981 -0.314698
v -0.074946 0.611773 -0.223108
v 0.000000 0.611773 -0.234910
v -0.052023 0.622812 -0.154870
v 0.000000 0.622812 -0.163062
v -0.030213 0.635594 -0.089942
v 0.000000 0.635593 -0.094700
v -0.186906 0.580981 -0.254679
v -0.173218 0.598992 -0.236029
v -0.139518 0.611773 -0.190108
v -0.096846 0.622812 -0.131963
v -0.056244 0.635594 -0.076639
v -0.254679 0.580981 -0.186906
v -0.236029 0.598992 -0.173218
v -0.190108 0.611773 -0.139518
v -0.131963 0.622812 -0.096846
v -0.076639 0.635594 -0.056244
v -0.298888 0.580981 -0.100401
v -0.277000 0.598992 -0.093049
v -0.223108 0.611773 -0.074946
v -0.154870 0.622812 -0.052023
v -0.089942 0.635594 -0.030213
v 0.298888 0.580981 -0.100401
v 0.277000 0.598992 -0.093049
v 0.223108 0.611773 -0.074946
v 0.154870 0.622812 -0.052023
v 0.089942 0.635594 -0.030213
v 0.254679 0.580981 -0.186906
v 0.236029 0.598992 -0.173218
v 0.190108 0.611773 -0.139518
v 0.131963 0.622812 -0.096846
v 0.076639 0.635594 -0.056244
v 0.186906 0.580981 -0.254679
v 0.173218 0.598992 -0.236029
v 0.139518 0.611773 -0.190108
v 0.096846 0.622812 -0.131963
v 0.056244 0.635594 -0.076639
v 0.100401 0.580981 -0.298888
v 0.093049 0.598992 -0.277000
v 0.074946 0.611773 -0.223108
v 0.052023 0.622812 -0.154870
v 0.030213 0.635594 -0.089942
v 0.114365 0.025563 -0.340456
v 0.000000 0.025563 -0.358465
v 0.106765 0.015686 -0.317833
v 0.000000 0.015686 -0.334645
v 0.088322 0.007553 -0.262929
v 0.000000 0.007553 -0.276838
v 0.054309 0.002033 -0.161675
v 0.000000 0.002033 -0.170227
v 0.000000 0.000000 0.000000
v 0.212900 0.025563 -0.290099
v 0.198752 0.015686 -0.270822
v 0.164419 0.007553 -0.224039
v 0.101102 0.002033 -0.137762
v 0.290099 0.025563 -0.212900
v 0.270822 0.015686 -0.198752
v 0.224039 0.007553 -0.164419
v 0.137762 0.002033 -0.101102
v 0.340456 0.025563 -0.114365
v 0.317833 0.015686 -0.106765
v 0.262929 0.007553 -0.088322
v 0.161675 0.002033 -0.054309
v 0.358465 0.025563 -0.000000
v 0.334645 0.015686 -0.000000
v 0.276838 0.007553 -0.000000
v 0.170227 0.002033 -0.000000
v -0.344870 0.036311 -0.115848
v -0.340456 0.025563 -0.114365
v -0.358465 0.025563 -0.000000
v -0.317833 0.015686 -0.106765
v -0.334645 0.015686 -0.000000
v -0.262929 0.007553 -0.088322
v -0.276838 0.007553 -0.000000
v -0.161675 0.002033 -0.054309
v -0.170227 0.002033 -0.000000
v -0.290099 0.025563 -0.212900
v -0.270822 0.015686 -0.198752
v -0.224039 0.007553 -0.164419
v -0.137762 0.002033 -0.101102
v -0.212900 0.025563 -0.290099
v -0.198752 0.015686 -0.270822
v -0.164419 0.007553 -0.224039
v -0.101102 0.002033 -0.137762
v -0.114365 0.025563 -0.340456
v -0.106765 0.015686 -0.317833
v -0.088322 0.007553 -0.262929
v -0.054309 0.002033 -0.161675
v -0.114365 0.025563 0.340456
v 0.000000 0.025563 0.358465
v -0.106765 0.015686 0.317833
v 0.000000 0.015686 0.334645
v -0.088322 0.007553 0.262929
v 0.000000 0.007553 0.276838
v -0.054309 0.002033 0.161675
v 0.000000 0.002033 0.170227
v -0.212900 0.025563 0.290099
v -0.198752 0.015686 0.270822
v -0.164419 0.007553 0.224039
v -0.101102 0.002033 0.137762
v -0.290099 0.025563 0.212900
v -0.270822 0.015686 0.198752
v -0.224039 0.007553 0.164419
v -0.137762 0.002033 0.101102
v -0.340456 0.025563 0.114365
v -0.317833 0.015686 0.106765
v -0.262929 0.007553 0.088322
v -0.161675 0.002033 0.054309
v 0.340456 0.025563 0.114365
v 0.317833 0.015686 0.106765
v 0.262929 0.007553 0.088322
v 0.161675 0.002033 0.054309
v 0.290099 0.025563 0.212900
v 0.270822 0.015686 0.198752
v 0.224039 0.007553 0.164419
v 0.137762 0.002033 0.101102
v 0.212900 0.025563 0.290099
v 0.198752 0.015686 0.270822
v 0.164419 0.007553 0.224039
v 0.101102 0.002033 0.137762
v 0.115848 0.036311 0.344870
v 0.114365 0.025563 0.340456
v 0.106765 0.015686 0.317833
v 0.088322 0.007553 0.262929
v 0.054309 0.002033 0.161675
vn 0.2312 0.6637 0.7114
vn -0.0000 0.4812 0.8766
vn 0.2709 0.4818 0.8333
vn 0.1101 0.9341 0.3395
vn -0.0000 0.6631 0.7485
vn -0.1706 0.8344 -0.5241
vn -0.0000 0.9341 0.3570
vn -0.3089 -0.0000 -0.9511
vn -0.0000 0.8339 -0.5519
vn -0.0000 -0.2971 -0.9549
vn -0.0000 -0.0000 -1.0000
vn 0.4396 0.6644 0.6044
vn 0.5152 0.4826 0.7083
vn 0.2094 0.9344 0.2881
vn -0.3244 0.8342 -0.4459
vn -0.5882 -0.0000 -0.8087
vn -0.2954 -0.2976 -0.9078
vn 0.7083 0.4826 0.5152
vn 0.2881 0.9344 0.2094
vn 0.6044 0.6644 0.4396
vn -0.8087 -0.0000 -0.5882
vn -0.4459 0.8342 -0.3245
vn -0.7718 -0.2981 -0.5616
vn 0.8333 0.4818 0.2709
vn 0.7114 0.6637 0.2312
vn 0.3395 0.9341 0.1101
vn -0.5241 0.8344 -0.1706
vn -0.9078 -0.2976 -0.2954
vn -0.9511 -0.0000 -0.3089
vn 0.8766 0.4812 -0.0000
vn 0.7485 0.6631 -0.0000
vn 0.3570 0.9341 -0.0000
vn -0.5520 0.8339 -0.0000
vn -0.9549 -0.2971 -0.0000
vn -1.0000 -0.0000 -0.0000
vn -0.7114 0.6637 0.2312
vn -0.8766 0.4812 -0.0000
vn -0.8333 0.4818 0.2709
vn -0.3395 0.9341 0.1101
vn -0.7485 0.6631 -0.0000
vn 0.5241 0.8344 -0.1706
vn -0.3570 0.9341 -0.0000
vn 0.9511 -0.0000 -0.3089
vn 0.5520 0.8339 -0.0000
vn 0.9549 -0.2971 -0.0000
vn 1.0000 -0.0000 -0.0000
vn -0.6044 0.6644 0.4396
vn -0.7083 0.4826 0.5152
vn -0.2881 0.9344 0.2094
vn 0.4459 0.8342 -0.3245
vn 0.8087 -0.0000 -0.5882
vn 0.9078 -0.2976 -0.2954
vn -0.5152 0.4826 0.7083
vn -0.2094 0.9344 0.2881
vn -0.4396 0.6644 0.6044
vn 0.5882 -0.0000 -0.8087
vn 0.3245 0.8342 -0.4459
vn 0.5616 -0.2981 -0.7718
vn -0.2709 0.4818 0.8333
vn -0.2312 0.6637 0.7114
vn -0.1101 0.9341 0.3395
vn 0.1706 0.8344 -0.5241
vn 0.2954 -0.2976 -0.9078
vn 0.3089 -0.0000 -0.9511
vn -0.2312 0.6637 -0.7114
vn -0.0000 0.4812 -0.8766
vn -0.2709 0.4818 -0.8333
vn -0.1101 0.9341 -0.3395
vn -0.0000 0.6631 -0.7485
vn 0.1706 0.8344 0.5241
vn -0.0000 0.9341 -0.3570
vn 0.3089 -0.0000 0.9511
vn -0.0000 0.8339 0.5519
vn -0.0000 -0.2971 0.9549
vn -0.0000 -0.0000 1.0000
vn -0.4396 0.6644 -0.6044
vn -0.5152 0.4826 -0.7083
vn -0.2094 0.9344 -0.2881
vn 0.3244 0.8342 0.4459
vn 0.5882 -0.0000 0.8087
vn 0.2954 -0.2976 0.9078
vn -0.7083 0.4826 -0.5152
vn -0.2881 0.9344 -0.2094
vn -0.6044 0.6644 -0.4396
vn 0.8087 -0.0000 0.5882
vn 0.4459 0.8342 0.3245
vn 0.7718 -0.2981 0.5616
vn -0.8333 0.4818 -0.2709
vn -0.7114 0.6637 -0.2312
vn -0.3395 0.9341 -0.1101
vn 0.5241 0.8344 0.1706
vn 0.9078 -0.2976 0.2954
vn 0.9511 -0.0000 0.3089
vn 0.7114 0.6637 -0.2312
vn 0.8333 0.4818 -0.2709
vn 0.3395 0.9341 -0.1101
vn -0.5241 0.8344 0.1706
vn -0.9511 -0.0000 0.3089
vn 0.6044 0.6644 -0.4396
vn 0.7083 0.4826 -0.5152
vn 0.2881 0.9344 -0.2094
vn -0.4459 0.8342 0.3245
vn -0.8087 -0.0000 0.5882
vn -0.9078 -0.2976 0.2954
vn 0.5152 0.4826 -0.7083
vn 0.2094 0.9344 -0.2881
vn 0.4396 0.6644 -0.6044
vn -0.5882 -0.0000 0.8087
vn -0.3245 0.8342 0.4459
vn -0.5616 -0.2981 0.7718
vn 0.2709 0.4818 -0.8333
vn 0.2312 0.6637 -0.7114
vn 0.1101 0.9341 -0.3395
vn -0.1706 0.8344 0.5241
vn -0.2954 -0.2976 0.9078
vn -0.3089 -0.0000 0.9511
vn 0.3045 0.1752 0.9363
vn -0.0000 -0.0542 0.9985
vn 0.3089 -0.0543 0.9495
vn 0.2951 0.2981 0.9078
vn -0.0000 0.1749 0.9846
vn 0.2868 0.3732 0.8823
vn -0.0000 0.2976 0.9547
vn 0.2815 0.4136 0.8659
vn -0.0000 0.3726 0.9280
vn -0.0000 0.4129 0.9108
vn 0.5792 0.1755 0.7961
vn 0.5875 -0.0544 0.8074
vn 0.5614 0.2987 0.7717
vn 0.5456 0.3739 0.7500
vn 0.5354 0.4142 0.7360
vn 0.8074 -0.0544 0.5875
vn 0.7717 0.2987 0.5614
vn 0.7961 0.1755 0.5792
vn 0.7360 0.4142 0.5354
vn 0.7500 0.3739 0.5456
vn 0.9495 -0.0543 0.3089
vn 0.9363 0.1752 0.3045
vn 0.9078 0.2981 0.2951
vn 0.8823 0.3732 0.2868
vn 0.8659 0.4136 0.2815
vn 0.9985 -0.0542 -0.0000
vn 0.9846 0.1749 -0.0000
vn 0.9547 0.2976 -0.0000
vn 0.9280 0.3726 -0.0000
vn 0.9108 0.4129 -0.0000
vn -0.9363 0.1752 0.3045
vn -0.8517 0.5241 -0.0000
vn -0.9495 -0.0543 0.3089
vn -0.9078 0.2981 0.2951
vn -0.9846 0.1749 -0.0000
vn -0.8823 0.3732 0.2868
vn -0.9547 0.2976 -0.0000
vn -0.8659 0.4136 0.2815
vn -0.9280 0.3726 -0.0000
vn -0.9108 0.4129 -0.0000
vn -0.7961 0.1755 0.5792
vn -0.8074 -0.0544 0.5875
vn -0.7717 0.2987 0.5614
vn -0.7500 0.3739 0.5456
vn -0.7360 0.4142 0.5354
vn -0.5875 -0.0544 0.8074
vn -0.5614 0.2987 0.7717
vn -0.5792 0.1755 0.7961
vn -0.5354 0.4142 0.7360
vn -0.5456 0.3739 0.7500
vn -0.3089 -0.0543 0.9495
vn -0.3045 0.1752 0.9363
vn -0.2951 0.2981 0.9078
vn -0.2868 0.3732 0.8823
vn -0.2815 0.4136 0.8659
vn -0.3045 0.1752 -0.9363
vn -0.0000 -0.0542 -0.9985
vn -0.3089 -0.0543 -0.9495
vn -0.2951 0.2981 -0.9078
vn -0.0000 0.1749 -0.9846
vn -0.2868 0.3732 -0.8823
vn -0.0000 0.2976 -0.9547
vn -0.2815 0.4136 -0.8659
vn -0.0000 0.3726 -0.9280
vn -0.0000 0.4129 -0.9108
vn -0.5792 0.1755 -0.7961
vn -0.5875 -0.0544 -0.8074
vn -0.5614 0.2987 -0.7717
vn -0.5456 0.3739 -0.7500
vn -0.5354 0.4142 -0.7360
vn -0.8074 -0.0544 -0.5875
vn -0.7717 0.2987 -0.5614
vn -0.7961 0.1755 -0.5792
vn -0.7360 0.4142 -0.5354
vn -0.7500 0.3739 -0.5456
vn -0.9495 -0.0543 -0.3089
vn -0.9363 0.1752 -0.3045
vn -0.9078 0.2981 -0.2951
vn -0.8823 0.3732 -0.2868
vn -0.8659 0.4136 -0.2815
vn 0.9363 0.1752 -0.3045
vn 0.9495 -0.0543 -0.3089
vn 0.9078 0.2981 -0.2951
vn 0.8823 0.3732 -0.2868
vn 0.8659 0.4136 -0.2815
vn 0.7961 0.1755 -0.5792
vn 0.8074 -0.0544 -0.5875
vn 0.7717 0.2987 -0.5614
vn 0.7500 0.3739 -0.5456
vn 0.7360 0.4142 -0.5354
vn 0.5875 -0.0544 -0.8074
vn 0.5614 0.2987 -0.7717
vn 0.5792 0.1755 -0.7961
vn 0.5354 0.4142 -0.7360
vn 0.5456 0.3739 -0.7500
vn 0.3089 -0.0543 -0.9495
vn 0.3045 0.1752 -0.9363
vn 0.2951 0.2981 -0.9078
vn 0.2868 0.3732 -0.8823
vn 0.2815 0.4136 -0.8659
vn 0.2627 -0.5269 0.8083
vn -0.0000 -0.7088 0.7054
vn -0.0000 -0.5261 0.8504
vn 0.2178 -0.7095 0.6702
vn -0.0000 -0.7384 0.6744
vn 0.2082 -0.7389 0.6408
vn -0.0000 -0.6241 0.7814
vn 0.2414 -0.6247 0.7426
vn -0.0000 -0.3745 0.9272
vn 0.2867 -0.3750 0.8816
vn 0.4997 -0.5275 0.6870
vn 0.4142 -0.7101 0.5694
vn 0.3959 -0.7396 0.5443
vn 0.4590 -0.6255 0.6310
vn 0.5452 -0.3756 0.7494
vn 0.3089 -0.0543 0.9496
vn 0.5694 -0.7101 0.4142
vn 0.6870 -0.5275 0.4997
vn 0.5443 -0.7396 0.3959
vn 0.6310 -0.6255 0.4590
vn 0.7494 -0.3756 0.5452
vn 0.6702 -0.7095 0.2178
vn 0.8083 -0.5269 0.2627
vn 0.6408 -0.7389 0.2082
vn 0.7426 -0.6247 0.2414
vn 0.8816 -0.3750 0.2867
vn 0.9496 -0.0543 0.3089
vn 0.7054 -0.7088 -0.0000
vn 0.8504 -0.5261 -0.0000
vn 0.6744 -0.7384 -0.0000
vn 0.7814 -0.6241 -0.0000
vn 0.9272 -0.3745 -0.0000
vn -0.8083 -0.5269 0.2627
vn -0.7054 -0.7088 -0.0000
vn -0.8504 -0.5261 -0.0000
vn -0.6702 -0.7095 0.2178
vn -0.6744 -0.7384 -0.0000
vn -0.6408 -0.7389 0.2082
vn -0.7814 -0.6241 -0.0000
vn -0.7426 -0.6247 0.2414
vn -0.9272 -0.3745 -0.0000
vn -0.8816 -0.3750 0.2867
vn -0.6870 -0.5275 0.4997
vn -0.5694 -0.7101 0.4142
vn -0.5443 -0.7396 0.3959
vn -0.6310 -0.6255 0.4590
vn -0.7494 -0.3756 0.5452
vn -0.9496 -0.0543 0.3089
vn -0.4142 -0.7101 0.5694
vn -0.4997 -0.5275 0.6870
vn -0.3959 -0.7396 0.5443
vn -0.4590 -0.6255 0.6310
vn -0.5452 -0.3756 0.7494
vn -0.2178 -0.7095 0.6702
vn -0.2627 -0.5269 0.8083
vn -0.2082 -0.7389 0.6408
vn -0.2414 -0.6247 0.7426
vn -0.2867 -0.3750 0.8816
vn -0.3089 -0.0543 0.9496
vn -0.2627 -0.5269 -0.8083
vn -0.0000 -0.7088 -0.7054
vn -0.0000 -0.5261 -0.8504
vn -0.2178 -0.7095 -0.6702
vn -0.0000 -0.7384 -0.6744
vn -0.2082 -0.7389 -0.6408
vn -0.0000 -0.6241 -0.7814
vn -0.2414 -0.6247 -0.7426
vn -0.0000 -0.3745 -0.9272
vn -0.2867 -0.3750 -0.8816
vn -0.4997 -0.5275 -0.6870
vn -0.4142 -0.7101 -0.5694
vn -0.3959 -0.7396 -0.5443
vn -0.4590 -0.6255 -0.6310
vn -0.5452 -0.3756 -0.7494
vn -0.3089 -0.0543 -0.9496
vn -0.5694 -0.7101 -0.4142
vn -0.6870 -0.5275 -0.4997
vn -0.5443 -0.7396 -0.3959
vn -0.6310 -0.6255 -0.4590
vn -0.7494 -0.3756 -0.5452
vn -0.6702 -0.7095 -0.2178
vn -0.8083 -0.5269 -0.2627
vn -0.6408 -0.7389 -0.2082
vn -0.7426 -0.6247 -0.2414
vn -0.8816 -0.3750 -0.2867
vn -0.9496 -0.0543 -0.3089
vn 0.8083 -0.5269 -0.2627
vn 0.6702 -0.7095 -0.2178
vn 0.6408 -0.7389 -0.2082
vn 0.7426 -0.6247 -0.2414
vn 0.8816 -0.3750 -0.2867
vn 0.6870 -0.5275 -0.4997
vn 0.5694 -0.7101 -0.4142
vn 0.5443 -0.7396 -0.3959
vn 0.6310 -0.6255 -0.4590
vn 0.7494 -0.3756 -0.5452
vn 0.9496 -0.0543 -0.3089
vn 0.4142 -0.7101 -0.5694
vn 0.4997 -0.5275 -0.6870
vn 0.3959 -0.7396 -0.5443
vn 0.4590 -0.6255 -0.6310
vn 0.5452 -0.3756 -0.7494
vn 0.2178 -0.7095 -0.6702
vn 0.2627 -0.5269 -0.8083
vn 0.2082 -0.7389 -0.6408
vn 0.2414 -0.6247 -0.7426
vn 0.2867 -0.3750 -0.8816
vn 0.3089 -0.0543 -0.9496
vn -0.8811 0.0492 0.4704
vn -0.8294 0.5586 -0.0000
vn -0.9986 0.0527 -0.0000
vn -0.7291 0.5060 0.4608
vn -0.4255 0.9050 -0.0000
vn -0.3723 0.8225 0.4300
vn -0.1445 0.9895 -0.0000
vn -0.1280 0.9063 0.4028
vn -0.0332 0.9994 -0.0000
vn -0.0061 0.9287 0.3707
vn -0.0296 0.9174 0.3968
vn -0.4172 0.0286 0.9084
vn -0.3457 0.2775 0.8964
vn -0.1563 0.4276 0.8903
vn -0.0511 0.4499 0.8916
vn -0.0035 0.5397 0.8418
vn -0.0126 0.4457 0.8951
vn 0.3223 -0.0261 0.9463
vn 0.2428 -0.1873 0.9518
vn 0.1402 -0.3533 0.9250
vn 0.0511 -0.4201 0.9060
vn 0.0019 -0.3462 0.9382
vn 0.0116 -0.4359 0.8999
vn 0.8545 -0.0940 0.5108
vn 0.6308 -0.5931 0.5003
vn 0.1402 -0.3533 0.9249
vn 0.2710 -0.8626 0.4271
vn 0.0511 -0.4201 0.9061
vn 0.0889 -0.9112 0.4023
vn 0.0047 -0.9068 0.4216
vn 0.0213 -0.9168 0.3989
vn 0.9923 -0.1237 -0.0000
vn 0.7136 -0.7005 -0.0000
vn 0.2710 -0.8627 0.4271
vn 0.2868 -0.9580 -0.0000
vn 0.0932 -0.9956 -0.0000
vn 0.0049 -1.0000 -0.0000
vn 0.0225 -0.9997 -0.0000
vn 0.6308 -0.5931 -0.5003
vn 0.8545 -0.0940 -0.5108
vn 0.2710 -0.8627 -0.4271
vn 0.0889 -0.9112 -0.4023
vn 0.0213 -0.9168 -0.3989
vn 0.2428 -0.1873 -0.9518
vn 0.3223 -0.0261 -0.9463
vn 0.1402 -0.3533 -0.9249
vn 0.0511 -0.4201 -0.9061
vn 0.2710 -0.8626 -0.4271
vn 0.1402 -0.3533 -0.9250
vn 0.0116 -0.4359 -0.8999
vn 0.0047 -0.9068 -0.4216
vn -0.3457 0.2775 -0.8964
vn -0.4172 0.0286 -0.9084
vn -0.1563 0.4276 -0.8903
vn -0.0511 0.4499 -0.8916
vn -0.0126 0.4457 -0.8951
vn 0.0511 -0.4201 -0.9060
vn 0.0019 -0.3462 -0.9382
vn -0.7291 0.5060 -0.4608
vn -0.8811 0.0492 -0.4704
vn -0.3723 0.8225 -0.4300
vn -0.1280 0.9063 -0.4028
vn -0.0296 0.9174 -0.3968
vn -0.0035 0.5397 -0.8418
vn -0.0061 0.9287 -0.3707
vn -0.4402 -0.8350 0.3303
vn -0.5289 -0.8487 -0.0000
vn -0.4647 -0.8855 -0.0000
vn -0.4889 -0.7752 0.4001
vn -0.6734 -0.7392 -0.0000
vn -0.6145 -0.6622 0.4288
vn -0.8269 -0.5624 -0.0000
vn -0.7378 -0.4932 0.4608
vn -0.9516 -0.3074 -0.0000
vn -0.8386 -0.2674 0.4745
vn -0.3007 -0.5658 0.7678
vn -0.4402 -0.8349 0.3303
vn -0.2518 -0.3785 0.8907
vn -0.3001 -0.3099 0.9022
vn -0.3440 -0.2214 0.9125
vn -0.3850 -0.1180 0.9153
vn 0.1273 0.2253 0.9659
vn 0.2379 0.3456 0.9077
vn 0.2901 0.2690 0.9184
vn 0.3168 0.1838 0.9305
vn 0.3348 0.0981 0.9372
vn 0.4506 0.7817 0.4312
vn 0.5464 0.7342 0.4030
vn 0.6768 0.5900 0.4404
vn 0.7696 0.4232 0.4781
vn 0.8364 0.2347 0.4953
vn 0.6074 0.7944 -0.0000
vn 0.6767 0.5900 0.4404
vn 0.7647 0.6444 -0.0000
vn 0.8822 0.4708 -0.0000
vn 0.9639 0.2662 -0.0000
vn 0.5464 0.7342 -0.4030
vn 0.4506 0.7817 -0.4312
vn 0.6767 0.5900 -0.4404
vn 0.7696 0.4232 -0.4781
vn 0.6768 0.5900 -0.4404
vn 0.8364 0.2347 -0.4953
vn 0.2379 0.3456 -0.9077
vn 0.1273 0.2253 -0.9659
vn 0.2901 0.2690 -0.9184
vn 0.3168 0.1838 -0.9305
vn 0.3348 0.0981 -0.9372
vn -0.2518 -0.3785 -0.8907
vn -0.3007 -0.5658 -0.7678
vn -0.3001 -0.3099 -0.9022
vn -0.3440 -0.2214 -0.9125
vn -0.3850 -0.1180 -0.9153
vn -0.4889 -0.7752 -0.4001
vn -0.4402 -0.8349 -0.3303
vn -0.6145 -0.6622 -0.4288
vn -0.7378 -0.4932 -0.4608
vn -0.8386 -0.2674 -0.4745
vn -0.4402 -0.8350 -0.3303
vn 0.4504 -0.6702 0.5899
vn 0.8006 -0.5992 -0.0000
vn 0.5095 -0.8605 -0.0000
vn 0.6779 -0.4383 0.5903
vn 0.9465 -0.3226 -0.0000
vn 0.8153 -0.3868 0.4308
vn 0.8559 -0.2275 0.4644
vn 0.5328 -0.6924 0.4864
vn 0.8837 -0.4680 -0.0000
vn 0.3172 -0.8055 0.5005
vn 0.5895 -0.8078 -0.0000
vn 0.1732 -0.0973 0.9801
vn 0.2769 -0.0288 0.9605
vn 0.5120 -0.0909 0.8542
vn 0.4664 0.0293 0.8841
vn 0.3312 -0.2894 0.8981
vn 0.1771 -0.3713 0.9115
vn 0.5328 -0.6925 0.4864
vn -0.1654 0.3870 0.9071
vn -0.2351 0.3109 0.9209
vn -0.2564 0.3140 0.9141
vn -0.0863 0.3340 0.9386
vn -0.0093 0.3011 0.9535
vn -0.0160 0.2723 0.9621
vn -0.4915 0.6571 0.5715
vn -0.2564 0.3140 0.9142
vn -0.7651 0.4094 0.4969
vn -0.7050 0.4597 0.5401
vn -0.6459 0.5674 0.5108
vn -0.3290 0.7653 0.5532
vn -0.1517 0.8089 0.5680
vn -0.6728 0.7398 -0.0000
vn -0.9214 0.3886 -0.0000
vn -0.8760 0.4824 -0.0000
vn -0.8057 0.5924 -0.0000
vn -0.4331 0.9014 -0.0000
vn -0.8057 0.5923 -0.0000
vn -0.1844 0.9828 -0.0000
vn -0.7050 0.4597 -0.5401
vn -0.4915 0.6571 -0.5715
vn -0.7651 0.4094 -0.4969
vn -0.6459 0.5674 -0.5108
vn -0.3290 0.7653 -0.5532
vn -0.2564 0.3140 -0.9142
vn -0.1654 0.3870 -0.9071
vn -0.2351 0.3109 -0.9209
vn -0.0863 0.3340 -0.9386
vn -0.0093 0.3011 -0.9535
vn -0.1517 0.8089 -0.5680
vn 0.2769 -0.0288 -0.9605
vn 0.1732 -0.0973 -0.9801
vn -0.2564 0.3140 -0.9141
vn 0.4664 0.0293 -0.8841
vn 0.5120 -0.0909 -0.8542
vn 0.3312 -0.2894 -0.8981
vn -0.0160 0.2723 -0.9621
vn 0.6779 -0.4383 -0.5903
vn 0.4504 -0.6702 -0.5899
vn 0.8559 -0.2275 -0.4644
vn 0.8153 -0.3868 -0.4308
vn 0.5328 -0.6925 -0.4864
vn 0.1771 -0.3713 -0.9115
vn 0.5328 -0.6924 -0.4864
vn 0.3172 -0.8055 -0.5005
vn -0.2739 0.8877 -0.3702
vn -0.3817 0.9243 -0.0000
vn -0.3009 0.7541 -0.5837
vn -0.0818 0.9963 -0.0264
vn -0.3118 0.9501 -0.0000
vn 0.6895 0.3352 0.6420
vn -0.0206 0.9998 -0.0000
vn 0.6895 0.3352 0.6421
vn 0.5503 -0.8350 -0.0000
vn 0.9754 0.2206 -0.0000
vn 0.4685 -0.5273 0.7089
vn -0.1368 0.6662 -0.7331
vn -0.0527 0.2680 -0.9620
vn -0.0920 0.9739 -0.2075
vn 0.1669 0.7331 0.6593
vn 0.1874 0.0797 0.9791
vn 0.1289 0.3040 -0.9439
vn 0.2553 -0.2387 -0.9369
vn -0.0062 0.9277 -0.3733
vn -0.0506 0.9055 0.4212
vn 0.1874 0.0797 0.9790
vn -0.1113 0.5634 0.8187
vn 0.5886 -0.1583 -0.7928
vn 0.5697 -0.6189 -0.5408
vn 0.2200 0.8747 -0.4319
vn -0.1600 0.9552 0.2488
vn -0.3430 0.8070 0.4807
vn 0.8920 -0.4521 -0.0000
vn 0.6916 -0.7223 -0.0000
vn 0.5064 0.8623 -0.0000
vn -0.1600 0.9553 0.2488
vn -0.2333 0.9724 -0.0000
vn -0.4579 0.8890 -0.0000
vn 0.5697 -0.6189 0.5408
vn 0.5886 -0.1583 0.7928
vn -0.1600 0.9553 -0.2488
vn 0.2200 0.8747 0.4319
vn -0.3430 0.8070 -0.4807
vn 0.2553 -0.2387 0.9369
vn 0.1289 0.3040 0.9439
vn -0.0506 0.9055 -0.4212
vn -0.0062 0.9277 0.3733
vn -0.1113 0.5634 -0.8187
vn -0.1600 0.9552 -0.2488
vn -0.0506 0.9056 -0.4212
vn -0.0527 0.2680 0.9620
vn -0.1368 0.6662 0.7331
vn 0.1669 0.7331 -0.6593
vn -0.0920 0.9739 0.2075
vn 0.1874 0.0797 -0.9790
vn -0.3009 0.7541 0.5837
vn -0.2739 0.8877 0.3702
vn -0.0818 0.9963 0.0264
vn 0.4685 -0.5273 -0.7089
vn 0.6895 0.3352 -0.6420
vn 0.1874 0.0797 -0.9791
vn 0.6895 0.3352 -0.6421
vn 0.2987 -0.2460 0.9221
vn -0.0000 0.6672 0.7449
vn 0.2299 0.6678 0.7079
vn -0.0000 -0.6131 0.7900
vn -0.0000 -0.2452 0.9695
vn 0.2431 -0.6141 0.7509
vn -0.0000 -0.0522 0.9986
vn 0.1745 0.8232 0.5402
vn 0.3081 -0.0523 0.9499
vn -0.0000 1.0000 -0.0000
vn -0.0000 0.8233 0.5677
vn 0.5697 -0.2467 0.7840
vn 0.4378 0.6678 0.6020
vn 0.4633 -0.6152 0.6379
vn 0.3331 0.8237 0.4588
vn 0.5871 -0.0524 0.8078
vn 0.6020 0.6678 0.4378
vn 0.7840 -0.2467 0.5697
vn 0.6379 -0.6152 0.4633
vn 0.4588 0.8237 0.3331
vn 0.8078 -0.0524 0.5871
vn 0.7079 0.6678 0.2299
vn 0.7509 -0.6141 0.2431
vn 0.9221 -0.2460 0.2987
vn 0.9499 -0.0523 0.3081
vn 0.5402 0.8232 0.1745
vn 0.7449 0.6672 -0.0000
vn 0.7900 -0.6131 -0.0000
vn 0.9695 -0.2452 -0.0000
vn 0.9986 -0.0522 -0.0000
vn 0.5677 0.8233 -0.0000
vn -0.9221 -0.2460 0.2987
vn -0.7449 0.6672 -0.0000
vn -0.7079 0.6678 0.2299
vn -0.7900 -0.6131 -0.0000
vn -0.9695 -0.2452 -0.0000
vn -0.7509 -0.6141 0.2431
vn -0.9986 -0.0522 -0.0000
vn -0.5402 0.8232 0.1745
vn -0.9499 -0.0523 0.3081
vn -0.5677 0.8233 -0.0000
vn -0.7840 -0.2467 0.5697
vn -0.6020 0.6678 0.4378
vn -0.6379 -0.6152 0.4633
vn -0.4588 0.8237 0.3331
vn -0.8078 -0.0524 0.5871
vn -0.4378 0.6678 0.6020
vn -0.5697 -0.2467 0.7840
vn -0.4633 -0.6152 0.6379
vn -0.3331 0.8237 0.4588
vn -0.5871 -0.0524 0.8078
vn -0.2299 0.6678 0.7079
vn -0.2431 -0.6141 0.7509
vn -0.2987 -0.2460 0.9221
vn -0.3081 -0.0523 0.9499
vn -0.1745 0.8232 0.5402
vn -0.2987 -0.2460 -0.9221
vn -0.0000 0.6672 -0.7449
vn -0.2299 0.6678 -0.7079
vn -0.0000 -0.6131 -0.7900
vn -0.0000 -0.2452 -0.9695
vn -0.2431 -0.6141 -0.7509
vn -0.0000 -0.0522 -0.9986
vn -0.1745 0.8232 -0.5402
vn -0.3081 -0.0523 -0.9499
vn -0.0000 0.8233 -0.5677
vn -0.5697 -0.2467 -0.7840
vn -0.4378 0.6678 -0.6020
vn -0.4633 -0.6152 -0.6379
vn -0.3331 0.8237 -0.4588
vn -0.5871 -0.0524 -0.8078
vn -0.6020 0.6678 -0.4378
vn -0.7840 -0.2467 -0.5697
vn -0.6379 -0.6152 -0.4633
vn -0.4588 0.8237 -0.3331
vn -0.8078 -0.0524 -0.5871
vn -0.7079 0.6678 -0.2299
vn -0.7509 -0.6141 -0.2431
vn -0.9221 -0.2460 -0.2987
vn -0.9499 -0.0523 -0.3081
vn -0.5402 0.8232 -0.1745
vn 0.9221 -0.2460 -0.2987
vn 0.7079 0.6678 -0.2299
vn 0.7509 -0.6141 -0.2431
vn 0.5402 0.8232 -0.1745
vn 0.9499 -0.0523 -0.3081
vn 0.7840 -0.2467 -0.5697
vn 0.6020 0.6678 -0.4378
vn 0.6379 -0.6152 -0.4633
vn 0.4588 0.8237 -0.3331
vn 0.8078 -0.0524 -0.5871
vn 0.4378 0.6678 -0.6020
vn 0.5697 -0.2467 -0.7840
vn 0.4633 -0.6152 -0.6379
vn 0.3331 0.8237 -0.4588
vn 0.5871 -0.0524 -0.8078
vn 0.2299 0.6678 -0.7079
vn 0.2431 -0.6141 -0.7509
vn 0.2987 -0.2460 -0.9221
vn 0.3081 -0.0523 -0.9499
vn 0.1745 0.8232 -0.5402
vn 0.1375 0.8954 0.4235
vn -0.0000 0.7879 0.6158
vn 0.1906 0.7885 0.5848
vn 0.0583 0.9820 0.1797
vn -0.0000 0.8952 0.4456
vn 0.0513 0.9861 0.1578
vn -0.0000 0.9819 0.1892
vn 0.0820 0.9642 0.2522
vn -0.0000 0.9861 0.1663
vn -0.0000 0.9640 0.2658
vn 0.2614 0.8958 0.3594
vn 0.3615 0.7891 0.4967
vn 0.1109 0.9821 0.1525
vn 0.0974 0.9862 0.1340
vn 0.1558 0.9643 0.2142
vn 0.3594 0.8958 0.2614
vn 0.4967 0.7891 0.3615
vn 0.1525 0.9821 0.1109
vn 0.1340 0.9862 0.0974
vn 0.2142 0.9643 0.1558
vn 0.5848 0.7885 0.1906
vn 0.4235 0.8954 0.1375
vn 0.1797 0.9820 0.0583
vn 0.1578 0.9861 0.0513
vn 0.2522 0.9642 0.0820
vn 0.6158 0.7879 -0.0000
vn 0.4456 0.8952 -0.0000
vn 0.1892 0.9819 -0.0000
vn 0.1663 0.9861 -0.0000
vn 0.2658 0.9640 -0.0000
vn -0.4235 0.8954 0.1375
vn -0.6158 0.7879 -0.0000
vn -0.5848 0.7885 0.1906
vn -0.1797 0.9820 0.0583
vn -0.4456 0.8952 -0.0000
vn -0.1578 0.9861 0.0513
vn -0.1892 0.9819 -0.0000
vn -0.2522 0.9642 0.0820
vn -0.1663 0.9861 -0.0000
vn -0.2658 0.9640 -0.0000
vn -0.3594 0.8958 0.2614
vn -0.4967 0.7891 0.3615
vn -0.1525 0.9821 0.1109
vn -0.1340 0.9862 0.0974
vn -0.2142 0.9643 0.1558
vn -0.2614 0.8958 0.3594
vn -0.3615 0.7891 0.4967
vn -0.1109 0.9821 0.1525
vn -0.0974 0.9862 0.1340
vn -0.1558 0.9643 0.2142
vn -0.1906 0.7885 0.5848
vn -0.1375 0.8954 0.4235
vn -0.0583 0.9820 0.1797
vn -0.0513 0.9861 0.1578
vn -0.0820 0.9642 0.2522
vn -0.1375 0.8954 -0.4235
vn -0.0000 0.7879 -0.6158
vn -0.1906 0.7885 -0.5848
vn -0.0583 0.9820 -0.1797
vn -0.0000 0.8952 -0.4456
vn -0.0513 0.9861 -0.1578
vn -0.0000 0.9819 -0.1892
vn -0.0820 0.9642 -0.2522
vn -0.0000 0.9861 -0.1663
vn -0.0000 0.9640 -0.2658
vn -0.2614 0.8958 -0.3594
vn -0.3615 0.7891 -0.4967
vn -0.1109 0.9821 -0.1525
vn -0.0974 0.9862 -0.1340
vn -0.1558 0.9643 -0.2142
vn -0.3594 0.8958 -0.2614
vn -0.4967 0.7891 -0.3615
vn -0.1525 0.9821 -0.1109
vn -0.1340 0.9862 -0.0974
vn -0.2142 0.9643 -0.1558
vn -0.5848 0.7885 -0.1906
vn -0.4235 0.8954 -0.1375
vn -0.1797 0.9820 -0.0583
vn -0.1578 0.9861 -0.0513
vn -0.2522 0.9642 -0.0820
vn 0.4235 0.8954 -0.1375
vn 0.5848 0.7885 -0.1906
vn 0.1797 0.9820 -0.0583
vn 0.1578 0.9861 -0.0513
vn 0.2522 0.9642 -0.0820
vn 0.3594 0.8958 -0.2614
vn 0.4967 0.7891 -0.3615
vn 0.1525 0.9821 -0.1109
vn 0.1340 0.9862 -0.0974
vn 0.2142 0.9643 -0.1558
vn 0.2614 0.8958 -0.3594
vn 0.3615 0.7891 -0.4967
vn 0.1109 0.9821 -0.1525
vn 0.0974 0.9862 -0.1340
vn 0.1558 0.9643 -0.2142
vn 0.1906 0.7885 -0.5848
vn 0.1375 0.8954 -0.4235
vn 0.0583 0.9820 -0.1797
vn 0.0513 0.9861 -0.1578
vn 0.0820 0.9642 -0.2522
vn 0.2224 -0.6945 -0.6842
vn 0.0847 -0.9616 -0.2612
vn -0.0000 -0.6943 -0.7197
vn 0.0308 -0.9950 -0.0949
vn -0.0000 -0.9615 -0.2749
vn 0.0104 -0.9994 -0.0321
vn -0.0000 -0.9950 -0.0999
vn -0.0000 -1.0000 -0.0000
vn -0.0000 -0.9994 -0.0338
vn 0.4228 -0.6952 -0.5813
vn 0.1611 -0.9617 -0.2216
vn 0.0586 -0.9950 -0.0805
vn 0.0198 -0.9994 -0.0272
vn 0.5813 -0.6952 -0.4228
vn 0.2216 -0.9617 -0.1611
vn 0.0805 -0.9950 -0.0586
vn 0.0272 -0.9994 -0.0198
vn 0.6842 -0.6945 -0.2224
vn 0.2612 -0.9616 -0.0847
vn 0.0949 -0.9950 -0.0308
vn 0.0321 -0.9994 -0.0104
vn 0.7197 -0.6943 -0.0000
vn 0.2749 -0.9615 -0.0000
vn 0.0999 -0.9950 -0.0000
vn 0.0338 -0.9994 -0.0000
vn -0.6842 -0.6945 -0.2224
vn -0.2612 -0.9616 -0.0847
vn -0.7197 -0.6943 -0.0000
vn -0.0949 -0.9950 -0.0308
vn -0.2749 -0.9615 -0.0000
vn -0.0321 -0.9994 -0.0104
vn -0.0999 -0.9950 -0.0000
vn -0.0338 -0.9994 -0.0000
vn -0.5813 -0.6952 -0.4228
vn -0.2216 -0.9617 -0.1611
vn -0.0805 -0.9950 -0.0586
vn -0.0272 -0.9994 -0.0198
vn -0.4228 -0.6952 -0.5813
vn -0.1611 -0.9617 -0.2216
vn -0.0586 -0.9950 -0.0805
vn -0.0198 -0.9994 -0.0272
vn -0.2224 -0.6945 -0.6842
vn -0.0847 -0.9616 -0.2612
vn -0.0308 -0.9950 -0.0949
vn -0.0104 -0.9994 -0.0321
vn -0.2224 -0.6945 0.6842
vn -0.0847 -0.9616 0.2612
vn -0.0000 -0.6943 0.7197
vn -0.0308 -0.9950 0.0949
vn -0.0000 -0.9615 0.2749
vn -0.0104 -0.9994 0.0321
vn -0.0000 -0.9950 0.0999
vn -0.0000 -0.9994 0.0338
vn -0.4228 -0.6952 0.5813
vn -0.1611 -0.9617 0.2216
vn -0.0586 -0.9950 0.0805
vn -0.0198 -0.9994 0.0272
vn -0.5813 -0.6952 0.4228
vn -0.2216 -0.9617 0.1611
vn -0.0805 -0.9950 0.0586
vn -0.0272 -0.9994 0.0198
vn -0.6842 -0.6945 0.2224
vn -0.2612 -0.9616 0.0847
vn -0.0949 -0.9950 0.0308
vn -0.0321 -0.9994 0.0104
vn 0.6842 -0.6945 0.2224
vn 0.2612 -0.9616 0.0847
vn 0.0949 -0.9950 0.0308
vn 0.0321 -0.9994 0.0104
vn 0.5813 -0.6952 0.4228
vn 0.2216 -0.9617 0.1611
vn 0.0805 -0.9950 0.0586
vn 0.0272 -0.9994 0.0198
vn 0.4228 -0.6952 0.5813
vn 0.1611 -0.9617 0.2216
vn 0.0586 -0.9950 0.0805
vn 0.0198 -0.9994 0.0272
vn 0.2224 -0.6945 0.6842
vn 0.0847 -0.9616 0.2612
vn 0.0308 -0.9950 0.0949
vn 0.0104 -0.9994 0.0321
vn -0.0000 0.8338 -0.5520
vn -0.0000 0.8339 -0.5520
vn -0.0000 -0.2971 -0.9548
vn -0.5616 -0.2981 -0.7718
vn -0.5520 0.8338 -0.0000
vn 0.5520 0.8338 -0.0000
vn 0.7718 -0.2981 -0.5616
vn -0.0000 0.8338 0.5520
vn -0.0000 0.8339 0.5520
vn -0.0000 -0.2971 0.9548
vn 0.5616 -0.2981 0.7718
vn -0.7718 -0.2981 0.5616
vn -0.0067 1.0000 -0.0000
vn 0.0213 -0.9167 0.3989
vn 0.0213 -0.9167 -0.3989
vn -0.6734 -0.7393 -0.0000
vn 0.6768 0.5899 0.4404
vn -0.8519 0.5238 0.0020
vn -0.8517 0.5241 0.0001
vn 0.6768 0.5899 -0.4404
vn 0.6778 -0.4383 0.5903
vn 0.6779 -0.4382 0.5903
vn 0.3591 -0.9333 -0.0000
vn 0.6779 -0.4383 0.5902
vn 0.5329 -0.6924 0.4864
vn -0.1517 0.8090 0.5680
vn -0.1517 0.8090 -0.5680
vn 0.6779 -0.4383 -0.5902
vn 0.5329 -0.6924 -0.4864
vn 0.6778 -0.4383 -0.5903
vn 0.6779 -0.4382 -0.5903
vn 0.4685 -0.5273 0.7088
vn -0.0506 0.9056 0.4212
vn 0.2199 0.8747 -0.4319
vn 0.2199 0.8747 0.4319
vn 0.4685 -0.5273 -0.7088
vt 0.392437 0.532267
vt 0.390077 0.596816
vt 0.382556 0.532863
vt 0.399193 0.531837
vt 0.400096 0.594665
vt 0.403089 0.531585
vt 0.406791 0.592947
vt 0.407519 0.531278
vt 0.410494 0.591873
vt 0.423295 0.590515
vt 0.414744 0.591145
vt 0.391054 0.473222
vt 0.381447 0.473193
vt 0.397718 0.473197
vt 0.401690 0.473185
vt 0.406004 0.473140
vt 0.416309 0.530668
vt 0.382687 0.416547
vt 0.398456 0.416721
vt 0.391944 0.416667
vt 0.406443 0.416777
vt 0.402232 0.416756
vt 0.414992 0.416798
vt 0.383644 0.361052
vt 0.392679 0.361098
vt 0.398984 0.361101
vt 0.402659 0.361099
vt 0.415113 0.361124
vt 0.406770 0.361113
vt 0.384004 0.304173
vt 0.392960 0.304184
vt 0.399171 0.304191
vt 0.402710 0.304196
vt 0.414907 0.304213
vt 0.406785 0.304201
vt 0.816282 0.247219
vt 0.807507 0.304173
vt 0.807229 0.247252
vt 0.822604 0.247225
vt 0.816463 0.304184
vt 0.826289 0.247234
vt 0.822675 0.304191
vt 0.830413 0.247229
vt 0.826213 0.304196
vt 0.838410 0.304213
vt 0.830288 0.304201
vt 0.815505 0.191399
vt 0.806193 0.191528
vt 0.821990 0.191339
vt 0.825872 0.191324
vt 0.830094 0.191290
vt 0.838784 0.247240
vt 0.805336 0.134888
vt 0.821527 0.134892
vt 0.814871 0.134881
vt 0.829672 0.134956
vt 0.825383 0.134924
vt 0.838347 0.135011
vt 0.806334 0.075784
vt 0.816140 0.076377
vt 0.822843 0.076806
vt 0.826706 0.077056
vt 0.839809 0.077976
vt 0.831098 0.077364
vt 0.813831 0.012297
vt 0.823776 0.014444
vt 0.830421 0.016157
vt 0.834095 0.017226
vt 0.846799 0.018585
vt 0.838313 0.017951
vt 0.815940 0.532267
vt 0.813580 0.596816
vt 0.806060 0.532863
vt 0.822697 0.531836
vt 0.823599 0.594665
vt 0.826592 0.531585
vt 0.830295 0.592946
vt 0.831022 0.531278
vt 0.833997 0.591872
vt 0.846799 0.590515
vt 0.838248 0.591145
vt 0.814557 0.473222
vt 0.804951 0.473193
vt 0.821221 0.473197
vt 0.825193 0.473184
vt 0.829507 0.473140
vt 0.839813 0.530668
vt 0.806191 0.416547
vt 0.821959 0.416721
vt 0.815448 0.416667
vt 0.829947 0.416777
vt 0.825736 0.416756
vt 0.838496 0.416798
vt 0.807147 0.361052
vt 0.816182 0.361098
vt 0.822488 0.361101
vt 0.826162 0.361099
vt 0.838616 0.361124
vt 0.830274 0.361113
vt 0.392778 0.247219
vt 0.383725 0.247252
vt 0.399100 0.247225
vt 0.402785 0.247234
vt 0.406909 0.247229
vt 0.392002 0.191399
vt 0.382690 0.191528
vt 0.398486 0.191339
vt 0.402368 0.191324
vt 0.406591 0.191290
vt 0.415281 0.247240
vt 0.381833 0.134888
vt 0.398024 0.134892
vt 0.391367 0.134881
vt 0.406168 0.134956
vt 0.401879 0.134924
vt 0.414844 0.135011
vt 0.382830 0.075784
vt 0.392637 0.076377
vt 0.399339 0.076806
vt 0.403202 0.077056
vt 0.416305 0.077976
vt 0.407594 0.077364
vt 0.390327 0.012297
vt 0.400273 0.014444
vt 0.406917 0.016157
vt 0.410591 0.017226
vt 0.423295 0.018585
vt 0.414810 0.017951
vt 0.223237 0.520427
vt 0.161749 0.586587
vt 0.193941 0.510871
vt 0.257017 0.527803
vt 0.200693 0.599202
vt 0.295402 0.532483
vt 0.244210 0.606737
vt 0.337613 0.534041
vt 0.291412 0.608758
vt 0.340653 0.605225
vt 0.238667 0.459445
vt 0.213219 0.452728
vt 0.267747 0.465011
vt 0.301634 0.469593
vt 0.339546 0.472194
vt 0.225534 0.401980
vt 0.275816 0.409830
vt 0.248783 0.405932
vt 0.342497 0.415225
vt 0.306706 0.412842
vt 0.232764 0.353547
vt 0.255081 0.355458
vt 0.280745 0.357288
vt 0.310452 0.358922
vt 0.344718 0.360233
vt 0.235470 0.303908
vt 0.257460 0.303952
vt 0.282663 0.303997
vt 0.311869 0.304050
vt 0.345562 0.304109
vt 0.678828 0.252452
vt 0.658974 0.303908
vt 0.656501 0.254290
vt 0.704449 0.250702
vt 0.680963 0.303952
vt 0.734192 0.249157
vt 0.706167 0.303996
vt 0.768387 0.247953
vt 0.735373 0.304050
vt 0.769065 0.304109
vt 0.672856 0.201779
vt 0.649433 0.205926
vt 0.699532 0.198298
vt 0.730826 0.195091
vt 0.766240 0.192860
vt 0.637488 0.155179
vt 0.691928 0.143030
vt 0.662627 0.148746
vt 0.763389 0.136049
vt 0.725286 0.138889
vt 0.618483 0.097275
vt 0.647623 0.087892
vt 0.681288 0.080628
vt 0.719433 0.076089
vt 0.761515 0.074578
vt 0.586777 0.021929
vt 0.625480 0.009516
vt 0.668744 0.002125
vt 0.715659 0.000208
vt 0.764657 0.003810
vt 0.646740 0.520427
vt 0.585252 0.586587
vt 0.617445 0.510871
vt 0.680520 0.527802
vt 0.624196 0.599202
vt 0.718905 0.532483
vt 0.667714 0.606736
vt 0.761116 0.534041
vt 0.714915 0.608758
vt 0.764157 0.605225
vt 0.662171 0.459445
vt 0.636723 0.452728
vt 0.691250 0.465011
vt 0.725138 0.469592
vt 0.763049 0.472194
vt 0.649037 0.401980
vt 0.699320 0.409830
vt 0.672286 0.405932
vt 0.766000 0.415225
vt 0.730209 0.412842
vt 0.656268 0.353547
vt 0.678585 0.355458
vt 0.704249 0.357287
vt 0.733955 0.358922
vt 0.768222 0.360233
vt 0.255325 0.252452
vt 0.232997 0.254290
vt 0.280945 0.250702
vt 0.310689 0.249157
vt 0.344883 0.247953
vt 0.249352 0.201779
vt 0.225930 0.205926
vt 0.276029 0.198298
vt 0.307322 0.195091
vt 0.342736 0.192860
vt 0.213984 0.155179
vt 0.268424 0.143031
vt 0.239123 0.148746
vt 0.339885 0.136049
vt 0.301783 0.138889
vt 0.194979 0.097275
vt 0.224120 0.087892
vt 0.257784 0.080628
vt 0.295929 0.076089
vt 0.338011 0.074578
vt 0.163274 0.021930
vt 0.201977 0.009516
vt 0.245240 0.002126
vt 0.292155 0.000208
vt 0.341153 0.003810
vt 0.106437 0.461219
vt 0.071200 0.511271
vt 0.064505 0.503253
vt 0.113626 0.466925
vt 0.085053 0.527708
vt 0.128081 0.477334
vt 0.105120 0.548225
vt 0.147270 0.489300
vt 0.130341 0.568562
vt 0.169121 0.500634
vt 0.133236 0.420865
vt 0.140261 0.424590
vt 0.154163 0.431324
vt 0.172025 0.438949
vt 0.191696 0.446145
vt 0.157051 0.384354
vt 0.150215 0.382061
vt 0.170368 0.388497
vt 0.187231 0.393247
vt 0.205559 0.397859
vt 0.166595 0.344661
vt 0.159894 0.343541
vt 0.179560 0.346686
vt 0.195877 0.349023
vt 0.213533 0.351320
vt 0.169895 0.303733
vt 0.163242 0.303713
vt 0.182686 0.303772
vt 0.198781 0.303819
vt 0.216223 0.303864
vt 0.583631 0.263885
vt 0.593399 0.303733
vt 0.586745 0.303713
vt 0.590334 0.262812
vt 0.606190 0.303772
vt 0.603307 0.260876
vt 0.622284 0.303819
vt 0.619630 0.258642
vt 0.639727 0.303864
vt 0.637282 0.256443
vt 0.574223 0.225437
vt 0.581050 0.223189
vt 0.594397 0.219122
vt 0.611289 0.214530
vt 0.629628 0.210199
vt 0.564746 0.182935
vt 0.557734 0.186616
vt 0.578553 0.176265
vt 0.596308 0.168720
vt 0.615912 0.161613
vt 0.538415 0.140620
vt 0.531230 0.146256
vt 0.552841 0.130348
vt 0.571972 0.118539
vt 0.593750 0.107359
vt 0.496526 0.096276
vt 0.489826 0.104196
vt 0.510375 0.080046
vt 0.530397 0.059788
vt 0.555524 0.039709
vt 0.529940 0.461219
vt 0.494704 0.511271
vt 0.488009 0.503253
vt 0.537129 0.466925
vt 0.508557 0.527708
vt 0.551585 0.477334
vt 0.528624 0.548225
vt 0.570773 0.489299
vt 0.553845 0.568562
vt 0.592624 0.500634
vt 0.556740 0.420865
vt 0.563765 0.424590
vt 0.577667 0.431324
vt 0.595529 0.438949
vt 0.615200 0.446145
vt 0.580554 0.384354
vt 0.573719 0.382061
vt 0.593872 0.388496
vt 0.610734 0.393247
vt 0.629062 0.397859
vt 0.590098 0.344661
vt 0.583398 0.343541
vt 0.603064 0.346686
vt 0.619381 0.349023
vt 0.637036 0.351319
vt 0.160127 0.263885
vt 0.166830 0.262813
vt 0.179803 0.260877
vt 0.196126 0.258642
vt 0.213778 0.256443
vt 0.150719 0.225437
vt 0.157546 0.223189
vt 0.170893 0.219122
vt 0.187785 0.214530
vt 0.206125 0.210199
vt 0.141243 0.182935
vt 0.134231 0.186616
vt 0.155049 0.176265
vt 0.172805 0.168720
vt 0.192409 0.161613
vt 0.114912 0.140621
vt 0.107726 0.146256
vt 0.129338 0.130348
vt 0.148468 0.118539
vt 0.170247 0.107359
vt 0.073022 0.096276
vt 0.066322 0.104196
vt 0.086871 0.080046
vt 0.106894 0.059788
vt 0.132021 0.039709
vt 0.887229 0.367556
vt 0.885249 0.379883
vt 0.887186 0.367048
vt 0.885213 0.380222
vt 0.883412 0.392060
vt 0.883513 0.392443
vt 0.879390 0.418709
vt 0.880710 0.419864
vt 0.870330 0.478707
vt 0.850182 0.584116
vt 0.873157 0.479098
vt 0.885983 0.368487
vt 0.884111 0.381157
vt 0.881713 0.393871
vt 0.877412 0.422634
vt 0.848521 0.572354
vt 0.869302 0.479281
vt 0.884395 0.369672
vt 0.882289 0.382608
vt 0.878285 0.396993
vt 0.871859 0.426891
vt 0.847215 0.561729
vt 0.862865 0.479986
vt 0.884439 0.371097
vt 0.882043 0.385365
vt 0.877787 0.401837
vt 0.870825 0.431900
vt 0.849429 0.554388
vt 0.861893 0.481780
vt 0.886418 0.372137
vt 0.884136 0.387257
vt 0.881428 0.405189
vt 0.876868 0.435347
vt 0.857409 0.556874
vt 0.869419 0.484159
vt 0.886694 0.386068
vt 0.888616 0.371728
vt 0.885899 0.403064
vt 0.883674 0.433857
vt 0.877441 0.484297
vt 0.887273 0.383361
vt 0.889078 0.370379
vt 0.886854 0.398288
vt 0.884170 0.428759
vt 0.877074 0.482246
vt 0.867201 0.559459
vt 0.885960 0.381436
vt 0.887911 0.368779
vt 0.884500 0.394292
vt 0.880121 0.423046
vt 0.871151 0.479578
vt 0.867773 0.565585
vt 0.885184 0.380217
vt 0.886996 0.367521
vt 0.883201 0.392396
vt 0.877789 0.419423
vt 0.867523 0.478200
vt 0.862177 0.573096
vt 0.857381 0.583919
vt 0.996201 0.068239
vt 0.909292 0.220576
vt 0.942551 0.000208
vt 0.923781 0.231890
vt 0.899243 0.287163
vt 0.902642 0.289545
vt 0.893809 0.323163
vt 0.894905 0.324000
vt 0.890102 0.347729
vt 0.890434 0.348313
vt 0.999792 0.137925
vt 0.919970 0.244668
vt 0.900368 0.291905
vt 0.893098 0.324918
vt 0.888885 0.349202
vt 0.974596 0.196437
vt 0.909731 0.252591
vt 0.896194 0.293655
vt 0.890621 0.325697
vt 0.887064 0.350236
vt 0.939441 0.238781
vt 0.904487 0.258930
vt 0.894984 0.295534
vt 0.890237 0.326675
vt 0.886954 0.351452
vt 0.904493 0.252374
vt 0.902852 0.263251
vt 0.897740 0.297122
vt 0.893136 0.327622
vt 0.889394 0.352417
vt 0.902564 0.258640
vt 0.875113 0.229072
vt 0.900841 0.296418
vt 0.896186 0.327573
vt 0.892011 0.352215
vt 0.899424 0.251036
vt 0.854021 0.178240
vt 0.900240 0.294265
vt 0.896108 0.326525
vt 0.892264 0.351020
vt 0.891980 0.240443
vt 0.847215 0.114898
vt 0.896768 0.291362
vt 0.893971 0.325050
vt 0.890830 0.349495
vt 0.892109 0.227110
vt 0.871213 0.049375
vt 0.895292 0.288436
vt 0.892516 0.323639
vt 0.889612 0.348189
vt 0.538863 0.754423
vt 0.539045 0.754144
vt 0.538869 0.754425
vt 0.538815 0.754060
vt 0.540953 0.751047
vt 0.537853 0.739454
vt 0.538364 0.750731
vt 0.538455 0.714032
vt 0.546967 0.741226
vt 0.535177 0.609175
vt 0.560785 0.718604
vt 0.538851 0.754422
vt 0.538590 0.754072
vt 0.532031 0.742436
vt 0.536884 0.751595
vt 0.522502 0.720690
vt 0.474164 0.635481
vt 0.538827 0.754427
vt 0.536192 0.752844
vt 0.538376 0.754239
vt 0.529635 0.747388
vt 0.513043 0.733827
vt 0.435593 0.687694
vt 0.538798 0.754457
vt 0.536262 0.754541
vt 0.538321 0.754573
vt 0.529744 0.753828
vt 0.510799 0.753295
vt 0.423422 0.761330
vt 0.538814 0.754508
vt 0.537700 0.756314
vt 0.538588 0.754870
vt 0.534819 0.761023
vt 0.525802 0.775830
vt 0.474661 0.860329
vt 0.538972 0.754980
vt 0.538868 0.754501
vt 0.539926 0.756802
vt 0.543522 0.762287
vt 0.552674 0.778888
vt 0.539249 0.754784
vt 0.538884 0.754463
vt 0.541476 0.756104
vt 0.549321 0.759463
vt 0.568981 0.768029
vt 0.586152 0.860329
vt 0.539307 0.754520
vt 0.538880 0.754440
vt 0.542285 0.754924
vt 0.552654 0.755075
vt 0.576376 0.753619
vt 0.645981 0.815414
vt 0.539222 0.754314
vt 0.538874 0.754430
vt 0.542395 0.753215
vt 0.552673 0.748536
vt 0.575032 0.736377
vt 0.674436 0.756956
vt 0.669511 0.690679
vt 0.538864 0.754429
vt 0.538864 0.754433
vt 0.538860 0.754433
vt 0.538865 0.754428
vt 0.538866 0.754430
vt 0.538866 0.754428
vt 0.538867 0.754429
vt 0.538867 0.754428
vt 0.538867 0.754429
vt 0.538865 0.754427
vt 0.538858 0.754430
vt 0.538854 0.754435
vt 0.538860 0.754428
vt 0.538860 0.754427
vt 0.538858 0.754425
vt 0.538848 0.754434
vt 0.538847 0.754442
vt 0.538848 0.754431
vt 0.538847 0.754430
vt 0.538841 0.754428
vt 0.538839 0.754448
vt 0.538845 0.754452
vt 0.538836 0.754446
vt 0.538831 0.754446
vt 0.538820 0.754450
vt 0.538844 0.754463
vt 0.538848 0.754457
vt 0.538841 0.754467
vt 0.538837 0.754473
vt 0.538829 0.754485
vt 0.538853 0.754457
vt 0.538860 0.754461
vt 0.538864 0.754468
vt 0.538863 0.754463
vt 0.538866 0.754479
vt 0.538862 0.754452
vt 0.538869 0.754448
vt 0.538874 0.754447
vt 0.538872 0.754446
vt 0.538877 0.754451
vt 0.538866 0.754443
vt 0.538869 0.754437
vt 0.538871 0.754434
vt 0.538870 0.754434
vt 0.538874 0.754435
vt 0.538866 0.754437
vt 0.538868 0.754432
vt 0.538868 0.754430
vt 0.538870 0.754430
vt 0.538868 0.754430
vt 0.391825 0.734437
vt 0.392370 0.749352
vt 0.384727 0.746813
vt 0.410668 0.728427
vt 0.397643 0.738778
vt 0.404312 0.722357
vt 0.420977 0.718062
vt 0.414439 0.706637
vt 0.411443 0.713166
vt 0.414583 0.681943
vt 0.423006 0.708045
vt 0.385836 0.730017
vt 0.376968 0.742646
vt 0.398535 0.717365
vt 0.408314 0.704241
vt 0.405134 0.709253
vt 0.369135 0.737508
vt 0.379839 0.725265
vt 0.393332 0.712622
vt 0.403535 0.701326
vt 0.400174 0.705412
vt 0.361599 0.730812
vt 0.388785 0.707414
vt 0.374463 0.719335
vt 0.396009 0.701373
vt 0.399609 0.697909
vt 0.354509 0.722490
vt 0.384741 0.701772
vt 0.369402 0.712199
vt 0.392305 0.696687
vt 0.396414 0.693931
vt 0.056891 0.776456
vt 0.067136 0.760008
vt 0.071851 0.769424
vt 0.037665 0.778700
vt 0.052567 0.769341
vt 0.041056 0.784470
vt 0.030152 0.783346
vt 0.028292 0.790372
vt 0.032873 0.788544
vt 0.007391 0.797157
vt 0.026025 0.785888
vt 0.060030 0.783410
vt 0.074870 0.778656
vt 0.043934 0.790481
vt 0.029759 0.795282
vt 0.034898 0.794004
vt 0.076872 0.787586
vt 0.062392 0.790196
vt 0.046624 0.797009
vt 0.030475 0.800925
vt 0.036414 0.800006
vt 0.077283 0.796238
vt 0.049199 0.804246
vt 0.063966 0.796941
vt 0.037613 0.807530
vt 0.030176 0.807676
vt 0.076055 0.804276
vt 0.674852 0.645336
vt 0.674852 0.627463
vt 0.680423 0.630141
vt 0.038455 0.818893
vt 0.052981 0.812795
vt 0.027838 0.816440
vt 0.032378 0.748034
vt 0.030462 0.734269
vt 0.038237 0.736358
vt 0.674852 0.627047
vt 0.674852 0.609175
vt 0.680423 0.624370
vt 0.020053 0.757634
vt 0.002943 0.760327
vt 0.014397 0.750767
vt 0.008790 0.772377
vt 0.012238 0.766054
vt 0.000208 0.770411
vt 0.037707 0.752168
vt 0.045854 0.740222
vt 0.025197 0.762958
vt 0.014762 0.775142
vt 0.018220 0.770379
vt 0.053417 0.745198
vt 0.043123 0.756729
vt 0.029884 0.767858
vt 0.019334 0.778291
vt 0.022863 0.774448
vt 0.060557 0.751786
vt 0.033998 0.773104
vt 0.048003 0.762434
vt 0.026732 0.778611
vt 0.023044 0.781845
vt 0.364572 0.704857
vt 0.349237 0.712914
vt 0.381025 0.695907
vt 0.393948 0.689464
vt 0.389345 0.691471
vt 0.360952 0.697595
vt 0.345616 0.703511
vt 0.377902 0.689748
vt 0.392314 0.684540
vt 0.387138 0.685959
vt 0.342905 0.694405
vt 0.358072 0.690400
vt 0.375063 0.683039
vt 0.391458 0.678880
vt 0.385500 0.679895
vt 0.341673 0.685534
vt 0.372506 0.675566
vt 0.356055 0.683069
vt 0.384236 0.672360
vt 0.391635 0.672140
vt 0.341891 0.677342
vt 0.369104 0.667035
vt 0.353966 0.675895
vt 0.383386 0.661232
vt 0.393786 0.663472
vt 0.380606 0.860768
vt 0.423006 0.864966
vt 0.381182 0.873035
vt 0.379477 0.836360
vt 0.419182 0.853228
vt 0.378417 0.804762
vt 0.410878 0.830284
vt 0.379434 0.772479
vt 0.400931 0.801320
vt 0.393394 0.772232
vt 0.343276 0.857861
vt 0.340662 0.869891
vt 0.348599 0.833666
vt 0.355980 0.802036
vt 0.365456 0.769184
vt 0.308175 0.845548
vt 0.302677 0.856554
vt 0.319421 0.823081
vt 0.334458 0.793526
vt 0.351788 0.762817
vt 0.268830 0.833643
vt 0.276856 0.824290
vt 0.293114 0.805318
vt 0.314968 0.780088
vt 0.339180 0.753339
vt 0.240552 0.801884
vt 0.250656 0.794830
vt 0.270952 0.780642
vt 0.298271 0.761528
vt 0.328091 0.740779
vt 0.190251 0.727613
vt 0.183307 0.685032
vt 0.202087 0.723743
vt 0.166338 0.735466
vt 0.172817 0.691804
vt 0.134599 0.746127
vt 0.151813 0.705386
vt 0.100693 0.757995
vt 0.123719 0.723581
vt 0.093413 0.743127
vt 0.197827 0.764999
vt 0.210278 0.764178
vt 0.172706 0.766741
vt 0.139584 0.769473
vt 0.104463 0.773165
vt 0.195741 0.802539
vt 0.207916 0.804847
vt 0.171028 0.797959
vt 0.138785 0.792373
vt 0.105163 0.787993
vt 0.194807 0.843800
vt 0.183623 0.838397
vt 0.161356 0.827671
vt 0.132480 0.814152
vt 0.102523 0.802118
vt 0.170669 0.879515
vt 0.161267 0.871290
vt 0.143218 0.854427
vt 0.120293 0.833603
vt 0.096547 0.814881
vt 0.043201 0.621644
vt 0.000208 0.616569
vt 0.042865 0.609175
vt 0.043868 0.646421
vt 0.003868 0.628569
vt 0.044411 0.678410
vt 0.011883 0.652039
vt 0.043117 0.710896
vt 0.021540 0.681621
vt 0.028997 0.711185
vt 0.081007 0.625384
vt 0.083937 0.613244
vt 0.075077 0.649755
vt 0.067004 0.681502
vt 0.057089 0.714226
vt 0.116251 0.638718
vt 0.122115 0.627719
vt 0.104299 0.661123
vt 0.088444 0.690468
vt 0.070583 0.720722
vt 0.155736 0.651903
vt 0.147318 0.661122
vt 0.130318 0.679775
vt 0.107621 0.704454
vt 0.082855 0.730377
vt 0.232060 0.760132
vt 0.220539 0.764439
vt 0.255401 0.751374
vt 0.286542 0.739435
vt 0.320142 0.726021
vt 0.222947 0.723526
vt 0.210695 0.724903
vt 0.247720 0.720646
vt 0.280516 0.716358
vt 0.315592 0.710877
vt 0.223223 0.686346
vt 0.211098 0.684664
vt 0.247877 0.689649
vt 0.280148 0.693532
vt 0.313999 0.695991
vt 0.222066 0.645610
vt 0.233365 0.650360
vt 0.255892 0.659787
vt 0.285180 0.671584
vt 0.315684 0.681690
vt 0.243976 0.609175
vt 0.253666 0.616785
vt 0.272333 0.632438
vt 0.296071 0.651675
vt 0.320673 0.668626
vt 0.103488 0.149730
vt 0.094452 0.157444
vt 0.062186 0.108829
vt 0.074573 0.176831
vt 0.054014 0.120019
vt 0.040858 0.219759
vt 0.036519 0.148492
vt 0.000208 0.303042
vt 0.013500 0.207173
vt 0.130054 0.188884
vt 0.120885 0.194078
vt 0.100150 0.207197
vt 0.060555 0.237219
vt 0.146720 0.226798
vt 0.137573 0.230042
vt 0.116390 0.238163
vt 0.074483 0.257322
vt 0.156107 0.264568
vt 0.147192 0.266158
vt 0.126161 0.270098
vt 0.082904 0.279443
vt 0.159152 0.303701
vt 0.150369 0.303674
vt 0.129534 0.303603
vt 0.085976 0.303379
vt 0.579376 0.342829
vt 0.570463 0.341181
vt 0.582656 0.303701
vt 0.549460 0.337104
vt 0.573872 0.303674
vt 0.506154 0.327279
vt 0.553038 0.303603
vt 0.423712 0.303042
vt 0.509480 0.303379
vt 0.569642 0.380615
vt 0.560618 0.377300
vt 0.539562 0.368992
vt 0.497466 0.349312
vt 0.552654 0.418602
vt 0.543376 0.413293
vt 0.522371 0.400143
vt 0.483801 0.369486
vt 0.525705 0.457701
vt 0.516668 0.449897
vt 0.496796 0.430285
vt 0.463752 0.386790
vt 0.483875 0.498563
vt 0.475724 0.487234
vt 0.458354 0.458348
vt 0.436143 0.399089
vt 0.526991 0.149730
vt 0.517956 0.157444
vt 0.485689 0.108829
vt 0.498076 0.176831
vt 0.477517 0.120019
vt 0.464361 0.219759
vt 0.460023 0.148492
vt 0.437004 0.207173
vt 0.553557 0.188884
vt 0.544388 0.194078
vt 0.523654 0.207197
vt 0.484059 0.237219
vt 0.570223 0.226798
vt 0.561076 0.230042
vt 0.539894 0.238163
vt 0.497987 0.257321
vt 0.579611 0.264568
vt 0.570695 0.266158
vt 0.549664 0.270098
vt 0.506407 0.279443
vt 0.155872 0.342829
vt 0.146960 0.341181
vt 0.125956 0.337104
vt 0.082651 0.327279
vt 0.146139 0.380615
vt 0.137114 0.377300
vt 0.116059 0.368992
vt 0.073962 0.349313
vt 0.129150 0.418603
vt 0.119872 0.413293
vt 0.098867 0.400143
vt 0.060297 0.369486
vt 0.102201 0.457701
vt 0.093164 0.449898
vt 0.073292 0.430285
vt 0.040249 0.386790
vt 0.060371 0.498563
vt 0.052220 0.487234
vt 0.034851 0.458349
vt 0.012639 0.399089
vt 0.414866 0.473035
vt 0.838794 0.191235
vt 0.838370 0.473035
vt 0.415290 0.191235
vt 0.851542 0.603225
vt 0.613842 0.631045
vt 0.674852 0.659259
vt 0.680211 0.669270
vt 0.674852 0.672350
vt 0.674852 0.645752
vt 0.680211 0.648833
vt 0.674852 0.658843
f 2/1/1 4/2/2 1/3/3
f 5/4/4 3/5/5 2/1/1
f 7/6/6 6/7/7 5/4/4
f 9/8/8 8/9/9 7/6/6
f 9/8/8 12/10/10 10/11/11
f 14/12/12 1/3/3 13/13/13
f 15/14/14 2/1/1 14/12/12
f 16/15/15 5/4/4 15/14/14
f 17/16/16 7/6/6 16/15/15
f 17/16/16 11/17/17 9/8/8
f 19/18/18 14/12/12 13/13/13
f 21/19/19 14/12/12 20/20/20
f 21/19/19 16/15/15 15/14/14
f 23/21/21 16/15/15 22/22/22
f 24/23/23 17/16/16 23/21/21
f 25/24/24 20/20/20 19/18/18
f 26/25/25 21/19/19 20/20/20
f 27/26/26 22/22/22 21/19/19
f 28/27/27 23/21/21 22/22/22
f 30/28/28 23/21/21 29/29/29
f 31/30/30 26/25/25 25/24/24
f 32/31/31 27/26/26 26/25/25
f 33/32/32 28/27/27 27/26/26
f 34/33/33 29/29/29 28/27/27
f 36/34/34 29/29/29 35/35/35
f 38/36/36 40/37/37 37/38/38
f 41/39/39 39/40/40 38/36/36
f 43/41/41 42/42/42 41/39/39
f 45/43/43 44/44/44 43/41/41
f 45/43/43 48/45/45 46/46/46
f 50/47/47 37/38/38 49/48/48
f 51/49/49 38/36/36 50/47/47
f 52/50/50 41/39/39 51/49/49
f 53/51/51 43/41/41 52/50/50
f 53/51/51 47/52/52 45/43/43
f 55/53/53 50/47/47 49/48/48
f 57/54/54 50/47/47 56/55/55
f 57/54/54 52/50/50 51/49/49
f 59/56/56 52/50/50 58/57/57
f 60/58/58 53/51/51 59/56/56
f 61/59/59 56/55/55 55/53/53
f 62/60/60 57/54/54 56/55/55
f 63/61/61 58/57/57 57/54/54
f 64/62/62 59/56/56 58/57/57
f 66/63/63 59/56/56 65/64/64
f 4/65/2 62/60/60 61/59/59
f 3/66/5 63/61/61 62/60/60
f 6/67/7 64/62/62 63/61/61
f 8/68/9 65/64/64 64/62/62
f 12/69/10 65/64/64 10/70/11
f 68/71/65 70/72/66 67/73/67
f 71/74/68 69/75/69 68/71/65
f 73/76/70 72/77/71 71/74/68
f 75/78/72 74/79/73 73/76/70
f 75/78/72 78/80/74 76/81/75
f 80/82/76 67/73/67 79/83/77
f 81/84/78 68/71/65 80/82/76
f 82/85/79 71/74/68 81/84/78
f 83/86/80 73/76/70 82/85/79
f 83/86/80 77/87/81 75/78/72
f 85/88/82 80/82/76 79/83/77
f 87/89/83 80/82/76 86/90/84
f 87/89/83 82/85/79 81/84/78
f 89/91/85 82/85/79 88/92/86
f 90/93/87 83/86/80 89/91/85
f 91/94/88 86/90/84 85/88/82
f 92/95/89 87/89/83 86/90/84
f 93/96/90 88/92/86 87/89/83
f 94/97/91 89/91/85 88/92/86
f 96/98/92 89/91/85 95/99/93
f 40/37/37 92/95/89 91/94/88
f 39/40/40 93/96/90 92/95/89
f 42/42/42 94/97/91 93/96/90
f 44/44/44 95/99/93 94/97/91
f 48/45/45 95/99/93 46/46/46
f 98/100/94 31/30/30 97/101/95
f 99/102/96 32/31/31 98/100/94
f 100/103/97 33/32/32 99/102/96
f 101/104/98 34/33/33 100/103/97
f 101/104/98 36/34/34 35/35/35
f 104/105/99 97/101/95 103/106/100
f 105/107/101 98/100/94 104/105/99
f 106/108/102 99/102/96 105/107/101
f 107/109/103 100/103/97 106/108/102
f 107/109/103 102/110/104 101/104/98
f 109/111/105 104/105/99 103/106/100
f 111/112/106 104/105/99 110/113/107
f 111/112/106 106/108/102 105/107/101
f 113/114/108 106/108/102 112/115/109
f 114/116/110 107/109/103 113/114/108
f 115/117/111 110/113/107 109/111/105
f 116/118/112 111/112/106 110/113/107
f 117/119/113 112/115/109 111/112/106
f 118/120/114 113/114/108 112/115/109
f 120/121/115 113/114/108 119/122/116
f 70/123/66 116/118/112 115/117/111
f 69/124/69 117/119/113 116/118/112
f 72/125/71 118/120/114 117/119/113
f 74/126/73 119/122/116 118/120/114
f 78/127/74 119/122/116 76/128/75
f 122/129/117 124/130/118 121/131/119
f 125/132/120 123/133/121 122/129/117
f 127/134/122 126/135/123 125/132/120
f 129/136/124 128/137/125 127/134/122
f 1/3/3 130/138/126 129/136/124
f 132/139/127 121/131/119 131/140/128
f 133/141/129 122/129/117 132/139/127
f 134/142/130 125/132/120 133/141/129
f 135/143/131 127/134/122 134/142/130
f 13/13/13 129/136/124 135/143/131
f 136/144/132 132/139/127 131/140/128
f 138/145/133 132/139/127 137/146/134
f 138/145/133 134/142/130 133/141/129
f 140/147/135 134/142/130 139/148/136
f 19/18/18 135/143/131 140/147/135
f 141/149/137 137/146/134 136/144/132
f 142/150/138 138/145/133 137/146/134
f 143/151/139 139/148/136 138/145/133
f 144/152/140 140/147/135 139/148/136
f 145/153/141 19/18/18 140/147/135
f 146/154/142 142/150/138 141/149/137
f 147/155/143 143/151/139 142/150/138
f 148/156/144 144/152/140 143/151/139
f 149/157/145 145/153/141 144/152/140
f 150/158/146 25/24/24 145/153/141
f 152/159/147 154/160/148 151/161/149
f 155/162/150 153/163/151 152/159/147
f 157/164/152 156/165/153 155/162/150
f 159/166/154 158/167/155 157/164/152
f 37/38/38 160/168/156 159/166/154
f 162/169/157 151/161/149 161/170/158
f 163/171/159 152/159/147 162/169/157
f 164/172/160 155/162/150 163/171/159
f 165/173/161 157/164/152 164/172/160
f 49/48/48 159/166/154 165/173/161
f 166/174/162 162/169/157 161/170/158
f 168/175/163 162/169/157 167/176/164
f 168/175/163 164/172/160 163/171/159
f 170/177/165 164/172/160 169/178/166
f 55/53/53 165/173/161 170/177/165
f 171/179/167 167/176/164 166/174/162
f 172/180/168 168/175/163 167/176/164
f 173/181/169 169/178/166 168/175/163
f 174/182/170 170/177/165 169/178/166
f 175/183/171 55/53/53 170/177/165
f 124/184/118 172/180/168 171/179/167
f 123/185/121 173/181/169 172/180/168
f 126/186/123 174/182/170 173/181/169
f 128/187/125 175/183/171 174/182/170
f 130/188/126 61/59/59 175/183/171
f 177/189/172 179/190/173 176/191/174
f 180/192/175 178/193/176 177/189/172
f 182/194/177 181/195/178 180/192/175
f 184/196/179 183/197/180 182/194/177
f 67/73/67 185/198/181 184/196/179
f 187/199/182 176/191/174 186/200/183
f 188/201/184 177/189/172 187/199/182
f 189/202/185 180/192/175 188/201/184
f 190/203/186 182/194/177 189/202/185
f 79/83/77 184/196/179 190/203/186
f 191/204/187 187/199/182 186/200/183
f 193/205/188 187/199/182 192/206/189
f 193/205/188 189/202/185 188/201/184
f 195/207/190 189/202/185 194/208/191
f 85/88/82 190/203/186 195/207/190
f 196/209/192 192/206/189 191/204/187
f 197/210/193 193/205/188 192/206/189
f 198/211/194 194/208/191 193/205/188
f 199/212/195 195/207/190 194/208/191
f 200/213/196 85/88/82 195/207/190
f 154/160/148 197/210/193 196/209/192
f 153/163/151 198/211/194 197/210/193
f 156/165/153 199/212/195 198/211/194
f 158/167/155 200/213/196 199/212/195
f 160/168/156 91/94/88 200/213/196
f 202/214/197 146/154/142 201/215/198
f 203/216/199 147/155/143 202/214/197
f 204/217/200 148/156/144 203/216/199
f 205/218/201 149/157/145 204/217/200
f 97/101/95 150/158/146 205/218/201
f 207/219/202 201/215/198 206/220/203
f 208/221/204 202/214/197 207/219/202
f 209/222/205 203/216/199 208/221/204
f 210/223/206 204/217/200 209/222/205
f 103/106/100 205/218/201 210/223/206
f 211/224/207 207/219/202 206/220/203
f 213/225/208 207/219/202 212/226/209
f 213/225/208 209/222/205 208/221/204
f 215/227/210 209/222/205 214/228/211
f 109/111/105 210/223/206 215/227/210
f 216/229/212 212/226/209 211/224/207
f 217/230/213 213/225/208 212/226/209
f 218/231/214 214/228/211 213/225/208
f 219/232/215 215/227/210 214/228/211
f 220/233/216 109/111/105 215/227/210
f 179/234/173 217/230/213 216/229/212
f 178/235/176 218/231/214 217/230/213
f 181/236/178 219/232/215 218/231/214
f 183/237/180 220/233/216 219/232/215
f 185/238/181 115/117/111 220/233/216
f 817/239/217 222/240/218 223/241/219
f 221/242/220 225/243/221 222/240/218
f 224/244/222 227/245/223 225/243/221
f 226/246/224 229/247/225 227/245/223
f 228/248/226 124/130/118 229/247/225
f 230/249/227 221/242/220 817/239/217
f 231/250/228 224/244/222 221/242/220
f 232/251/229 226/246/224 224/244/222
f 233/252/230 228/248/226 226/246/224
f 234/253/231 121/131/232 228/248/226
f 236/254/233 230/249/227 235/255/234
f 237/256/235 231/250/228 236/254/233
f 238/257/236 232/251/229 237/256/235
f 239/258/237 233/252/230 238/257/236
f 239/258/237 131/140/128 234/253/231
f 241/259/238 235/255/234 240/260/239
f 242/261/240 236/254/233 241/259/238
f 243/262/241 237/256/235 242/261/240
f 244/263/242 238/257/236 243/262/241
f 141/149/243 239/258/237 244/263/242
f 246/264/244 240/260/239 245/265/245
f 247/266/246 241/259/238 246/264/244
f 248/267/247 242/261/240 247/266/246
f 249/268/248 243/262/241 248/267/247
f 146/154/142 244/263/242 249/268/248
f 250/269/249 252/270/250 253/271/251
f 251/272/252 255/273/253 252/270/250
f 254/274/254 257/275/255 255/273/253
f 256/276/256 259/277/257 257/275/255
f 258/278/258 154/160/148 259/277/257
f 260/279/259 251/272/252 250/269/249
f 261/280/260 254/274/254 251/272/252
f 262/281/261 256/276/256 254/274/254
f 263/282/262 258/278/258 256/276/256
f 264/283/263 151/161/264 258/278/258
f 266/284/265 260/279/259 265/285/266
f 267/286/267 261/280/260 266/284/265
f 268/287/268 262/281/261 267/286/267
f 269/288/269 263/282/262 268/287/268
f 269/288/269 161/170/158 264/283/263
f 271/289/270 265/285/266 270/290/271
f 272/291/272 266/284/265 271/289/270
f 273/292/273 267/286/267 272/291/272
f 274/293/274 268/287/268 273/292/273
f 171/179/275 269/288/269 274/293/274
f 222/294/218 270/290/271 223/295/219
f 225/296/221 271/289/270 222/294/218
f 227/297/223 272/291/272 225/296/221
f 229/298/225 273/292/273 227/297/223
f 124/184/118 274/293/274 229/298/225
f 275/299/276 277/300/277 278/301/278
f 276/302/279 280/303/280 277/300/277
f 279/304/281 282/305/282 280/303/280
f 281/306/283 284/307/284 282/305/282
f 283/308/285 179/190/173 284/307/284
f 285/309/286 276/302/279 275/299/276
f 286/310/287 279/304/281 276/302/279
f 287/311/288 281/306/283 279/304/281
f 288/312/289 283/308/285 281/306/283
f 289/313/290 176/191/291 283/308/285
f 291/314/292 285/309/286 290/315/293
f 292/316/294 286/310/287 291/314/292
f 293/317/295 287/311/288 292/316/294
f 294/318/296 288/312/289 293/317/295
f 294/318/296 186/200/183 289/313/290
f 295/319/297 290/315/293 764/320/298
f 296/321/299 291/314/292 295/319/297
f 297/322/300 292/316/294 296/321/299
f 298/323/301 293/317/295 297/322/300
f 196/209/302 294/318/296 298/323/301
f 252/270/250 764/320/298 253/271/251
f 255/273/253 295/319/297 252/270/250
f 257/275/255 296/321/299 255/273/253
f 259/277/257 297/322/300 257/275/255
f 154/160/148 298/323/301 259/277/257
f 299/324/303 246/264/244 245/265/245
f 300/325/304 247/266/246 246/264/244
f 301/326/305 248/267/247 247/266/246
f 302/327/306 249/268/248 248/267/247
f 303/328/307 146/154/142 249/268/248
f 304/329/308 300/325/304 299/324/303
f 305/330/309 301/326/305 300/325/304
f 306/331/310 302/327/306 301/326/305
f 307/332/311 303/328/307 302/327/306
f 308/333/312 201/215/313 303/328/307
f 310/334/314 304/329/308 309/335/315
f 311/336/316 305/330/309 310/334/314
f 312/337/317 306/331/310 311/336/316
f 313/338/318 307/332/311 312/337/317
f 313/338/318 206/220/203 308/333/312
f 315/339/319 309/335/315 314/340/320
f 316/341/321 310/334/314 315/339/319
f 317/342/322 311/336/316 316/341/321
f 318/343/323 312/337/317 317/342/322
f 216/229/324 313/338/318 318/343/323
f 277/344/277 314/340/320 278/345/278
f 280/346/280 315/339/319 277/344/277
f 282/347/282 316/341/321 280/346/280
f 284/348/284 317/342/322 282/347/282
f 179/234/173 318/343/323 284/348/284
f 319/349/325 321/350/326 322/351/327
f 320/352/328 324/353/329 321/350/326
f 323/354/330 326/355/331 324/353/329
f 325/356/332 328/357/333 326/355/331
f 329/358/334 328/357/333 327/359/335
f 331/360/336 320/352/328 319/349/325
f 332/361/337 323/354/330 320/352/328
f 333/362/338 325/356/332 323/354/330
f 334/363/339 327/359/335 325/356/332
f 336/364/340 327/359/335 335/365/341
f 337/366/342 332/361/337 331/360/336
f 338/367/343 333/362/338 332/361/337
f 339/368/344 334/363/339 333/362/338
f 340/369/345 335/365/341 334/363/339
f 342/370/346 335/365/341 341/371/347
f 343/372/348 338/367/343 337/366/342
f 344/373/349 339/368/350 338/367/343
f 345/374/351 340/369/352 339/368/344
f 346/375/353 341/371/347 340/369/352
f 348/376/354 341/371/347 347/377/355
f 349/378/356 344/373/349 343/372/348
f 350/379/357 345/374/358 344/373/349
f 351/380/359 346/375/353 345/374/358
f 352/381/360 347/377/355 346/375/353
f 354/382/361 347/377/355 353/383/362
f 356/384/363 349/378/356 355/385/364
f 357/386/365 350/379/357 356/384/363
f 358/387/366 351/380/359 357/386/365
f 359/388/367 352/381/360 358/387/366
f 359/388/367 354/382/361 353/383/362
f 362/389/368 355/385/364 361/390/369
f 363/391/370 356/384/363 362/389/368
f 364/392/371 357/386/372 363/391/373
f 365/393/374 358/387/366 364/392/371
f 365/393/374 360/394/375 359/388/367
f 368/395/376 361/390/369 367/396/377
f 369/397/378 362/389/368 368/395/376
f 370/398/379 363/391/373 369/397/378
f 371/399/380 364/392/381 370/398/379
f 371/399/380 366/400/382 365/393/374
f 374/401/383 367/396/377 373/402/384
f 375/403/385 368/395/376 374/401/383
f 376/404/386 369/397/378 375/403/385
f 377/405/387 370/398/379 376/404/386
f 377/405/387 372/406/388 371/399/380
f 321/350/326 373/402/384 322/351/327
f 324/353/329 374/401/383 321/350/326
f 326/355/331 375/403/385 324/353/329
f 328/357/333 376/404/386 326/355/331
f 328/357/333 378/407/389 377/405/387
f 379/408/390 381/409/391 382/410/392
f 380/411/393 384/412/394 381/409/391
f 383/413/395 386/414/396 384/412/394
f 385/415/397 388/416/398 386/414/396
f 387/417/399 322/351/327 388/416/398
f 389/418/400 380/411/393 379/408/401
f 390/419/402 383/413/395 380/411/393
f 391/420/403 385/415/397 383/413/395
f 392/421/404 387/417/399 385/415/397
f 393/422/405 319/349/325 387/417/399
f 394/423/406 390/419/402 389/418/400
f 395/424/407 391/420/403 390/419/402
f 396/425/408 392/421/404 391/420/403
f 397/426/409 393/422/405 392/421/404
f 398/427/410 331/360/336 393/422/405
f 399/428/411 395/424/407 394/423/406
f 400/429/412 396/425/408 395/424/407
f 401/430/413 397/426/409 396/425/408
f 402/431/414 398/427/410 397/426/409
f 403/432/415 337/366/342 398/427/410
f 154/433/148 400/429/412 399/428/411
f 404/434/416 401/430/417 400/429/412
f 405/435/418 402/431/414 401/430/413
f 406/436/419 403/432/415 402/431/414
f 407/437/420 343/372/348 403/432/415
f 409/438/421 154/433/148 408/439/422
f 410/440/423 404/434/416 409/438/421
f 411/441/424 405/435/418 410/440/425
f 412/442/426 406/436/419 411/441/424
f 355/385/364 407/437/420 412/442/426
f 414/443/427 408/439/422 413/444/428
f 415/445/429 409/438/421 414/443/427
f 416/446/430 410/440/425 415/445/429
f 417/447/431 411/441/424 416/446/430
f 361/390/369 412/442/426 417/447/431
f 419/448/432 413/444/428 418/449/433
f 420/450/434 414/443/427 419/448/432
f 421/451/435 415/445/429 420/450/434
f 422/452/436 416/446/430 421/451/435
f 367/396/377 417/447/431 422/452/436
f 424/453/437 418/449/433 423/454/438
f 425/455/439 419/448/432 424/453/437
f 426/456/440 420/450/434 425/455/439
f 427/457/441 421/451/435 426/456/440
f 373/402/384 422/452/436 427/457/441
f 381/409/391 423/454/442 382/410/392
f 384/412/394 424/453/437 381/409/391
f 386/414/396 425/455/439 384/412/394
f 388/416/398 426/456/440 386/414/396
f 322/351/327 427/457/441 388/416/398
f 428/458/443 430/459/444 431/460/445
f 429/461/446 433/462/447 430/459/444
f 434/463/448 433/462/447 432/464/449
f 436/465/450 435/466/451 434/463/448
f 438/467/452 437/468/453 436/465/450
f 440/469/454 429/461/446 428/458/443
f 441/470/455 432/464/449 429/461/446
f 443/471/456 432/464/449 442/472/457
f 444/473/458 434/463/448 443/471/456
f 445/474/459 436/465/460 444/473/458
f 446/475/461 441/470/455 440/469/454
f 448/476/462 441/470/455 447/477/463
f 449/478/464 442/472/457 448/476/462
f 450/479/465 443/471/456 449/478/464
f 451/480/466 444/473/458 450/479/465
f 452/481/467 447/477/468 446/475/461
f 454/482/469 447/477/468 453/483/470
f 455/484/471 448/476/462 454/482/469
f 456/485/472 449/478/464 455/484/471
f 457/486/473 450/479/465 456/485/472
f 458/487/474 453/483/470 452/481/467
f 460/488/475 453/483/470 459/489/476
f 461/490/477 454/482/469 460/488/475
f 462/491/478 455/484/471 461/490/479
f 463/492/480 456/485/472 462/491/478
f 465/493/481 458/487/474 464/494/482
f 465/493/481 460/488/475 459/489/476
f 466/495/483 461/490/477 460/488/475
f 467/496/484 462/491/478 461/490/479
f 468/497/485 463/492/480 462/491/478
f 471/498/486 464/494/482 470/499/487
f 471/498/486 466/495/483 465/493/481
f 472/500/488 467/496/484 466/495/483
f 473/501/489 468/497/485 467/496/484
f 474/502/490 469/503/491 468/497/485
f 477/504/492 470/499/487 476/505/493
f 477/504/492 472/500/488 471/498/494
f 478/506/495 473/501/489 472/500/488
f 479/507/496 474/502/490 473/501/489
f 480/508/497 475/509/498 474/502/490
f 483/510/499 476/505/493 482/511/500
f 484/512/501 477/504/492 483/510/499
f 484/512/501 479/507/496 478/506/495
f 485/513/502 480/508/497 479/507/496
f 486/514/503 481/515/504 480/508/497
f 430/459/444 482/511/500 431/460/445
f 433/462/447 483/510/499 430/459/444
f 433/462/447 485/513/502 484/512/501
f 435/466/451 486/514/505 485/513/502
f 437/468/453 487/516/506 486/514/505
f 489/517/507 491/518/508 488/519/509
f 492/520/510 490/521/511 489/517/507
f 494/522/512 493/523/513 492/520/510
f 494/522/514 497/524/515 495/525/516
f 496/526/517 431/460/445 497/524/515
f 499/527/518 488/519/509 498/528/519
f 500/529/520 489/517/507 499/527/518
f 501/530/521 492/520/510 500/529/520
f 501/530/521 496/526/517 494/522/512
f 502/531/522 428/458/443 496/526/517
f 504/532/523 498/528/519 503/533/524
f 505/534/525 499/527/518 504/532/523
f 505/534/525 501/530/521 500/529/520
f 506/535/526 502/531/527 501/530/521
f 507/536/528 440/469/454 502/531/527
f 509/537/529 503/533/524 508/538/530
f 510/539/531 504/532/523 509/537/529
f 510/539/531 506/535/526 505/534/525
f 511/540/532 507/536/528 506/535/526
f 512/541/533 446/475/461 507/536/528
f 514/542/534 508/538/530 513/543/535
f 515/544/536 509/537/529 514/542/534
f 515/544/536 511/540/537 510/539/531
f 516/545/538 512/541/533 511/540/537
f 517/546/539 452/481/467 512/541/533
f 518/547/540 514/542/534 513/543/535
f 519/548/541 515/544/536 514/542/534
f 521/549/542 515/544/536 520/550/543
f 522/551/544 516/545/538 521/549/542
f 464/494/482 517/546/539 522/551/544
f 523/552/545 519/548/541 518/547/540
f 524/553/546 520/550/543 519/548/541
f 526/554/547 520/550/543 525/555/548
f 527/556/549 521/549/550 526/554/551
f 470/499/487 522/551/544 527/556/549
f 528/557/552 524/553/546 523/552/545
f 529/558/553 525/555/548 524/553/546
f 531/559/554 525/555/548 530/560/555
f 532/561/556 526/554/547 531/559/554
f 476/505/493 527/556/549 532/561/556
f 533/562/557 529/558/553 528/557/552
f 534/563/558 530/560/555 529/558/553
f 535/564/559 531/559/554 530/560/555
f 537/565/560 531/559/554 536/566/561
f 482/511/500 532/561/562 537/565/560
f 491/518/508 534/563/558 533/562/557
f 490/521/511 535/564/559 534/563/558
f 493/523/513 536/566/561 535/564/559
f 497/524/515 536/566/563 495/525/516
f 431/460/445 537/565/560 497/524/515
f 539/567/564 541/568/565 538/569/566
f 539/567/564 543/570/567 540/571/568
f 542/572/569 545/573/570 543/570/567
f 546/574/571 545/573/570 544/575/572
f 546/574/571 548/576/573 547/577/574
f 550/578/575 538/569/566 549/579/576
f 550/578/575 542/572/569 539/567/564
f 551/580/577 544/575/572 542/572/569
f 553/581/578 544/575/572 552/582/579
f 553/581/578 548/576/573 546/574/571
f 554/583/580 550/578/575 549/579/576
f 555/584/581 551/580/577 550/578/575
f 556/585/582 552/582/579 551/580/577
f 558/586/583 552/582/579 557/587/584
f 558/586/583 548/576/573 553/581/578
f 559/588/585 555/584/581 554/583/580
f 561/589/586 555/584/581 560/590/587
f 562/591/588 556/585/582 561/589/586
f 562/591/588 558/586/583 557/587/584
f 563/592/589 548/576/573 558/586/583
f 564/593/590 560/590/587 559/588/585
f 566/594/591 560/590/587 565/595/592
f 567/596/593 561/589/586 566/594/591
f 567/596/593 563/592/589 562/591/588
f 568/597/594 548/576/573 563/592/589
f 570/598/595 572/599/596 569/600/597
f 570/598/595 574/601/598 571/602/599
f 573/603/600 576/604/601 574/601/598
f 577/605/602 576/604/601 575/606/603
f 577/605/602 548/607/573 578/608/604
f 580/609/605 569/600/597 579/610/606
f 580/609/605 573/603/600 570/598/595
f 581/611/607 575/606/603 573/603/600
f 583/612/608 575/606/603 582/613/609
f 583/612/608 548/607/573 577/605/602
f 584/614/610 580/609/605 579/610/606
f 585/615/611 581/611/607 580/609/605
f 586/616/612 582/613/609 581/611/607
f 588/617/613 582/613/609 587/618/614
f 588/617/613 548/607/573 583/612/608
f 589/619/615 585/615/611 584/614/610
f 591/620/616 585/615/611 590/621/617
f 592/622/618 586/616/612 591/620/616
f 592/622/618 588/617/613 587/618/614
f 593/623/619 548/607/573 588/617/613
f 541/624/565 590/621/617 589/619/615
f 543/625/567 590/626/617 540/627/568
f 545/628/570 591/620/616 543/629/567
f 545/628/570 593/623/619 592/622/618
f 547/630/574 548/607/573 593/623/619
f 595/631/620 597/632/621 594/633/622
f 595/634/620 599/635/623 596/636/624
f 598/637/625 601/638/626 599/639/623
f 602/640/627 601/638/626 600/641/628
f 602/640/627 548/607/573 603/642/629
f 605/643/630 594/633/622 604/644/631
f 605/643/630 598/637/625 595/631/620
f 606/645/632 600/641/628 598/637/625
f 608/646/633 600/641/628 607/647/634
f 608/646/633 548/607/573 602/640/627
f 609/648/635 605/643/630 604/644/631
f 610/649/636 606/645/632 605/643/630
f 611/650/637 607/647/634 606/645/632
f 613/651/638 607/647/634 612/652/639
f 613/651/638 548/607/573 608/646/633
f 614/653/640 610/649/636 609/648/635
f 616/654/641 610/649/636 615/655/642
f 617/656/643 611/650/637 616/654/641
f 617/656/643 613/651/638 612/652/639
f 618/657/644 548/607/573 613/651/638
f 572/599/596 615/655/642 614/653/640
f 574/601/598 615/655/642 571/602/599
f 576/604/601 616/654/641 574/601/598
f 576/604/601 618/657/644 617/656/643
f 578/608/604 548/607/573 618/657/644
f 620/658/645 564/593/590 619/659/646
f 620/658/645 566/594/591 565/595/592
f 621/660/647 567/596/593 566/594/591
f 623/661/648 567/596/593 622/662/649
f 623/661/648 548/576/573 568/597/594
f 625/663/650 619/659/646 624/664/651
f 625/663/650 621/660/647 620/658/645
f 626/665/652 622/662/649 621/660/647
f 628/666/653 622/662/649 627/667/654
f 628/666/653 548/576/573 623/661/648
f 629/668/655 625/663/650 624/664/651
f 630/669/656 626/665/652 625/663/650
f 631/670/657 627/667/654 626/665/652
f 633/671/658 627/667/654 632/672/659
f 633/671/658 548/576/573 628/666/653
f 634/673/660 630/669/656 629/668/655
f 636/674/661 630/669/656 635/675/662
f 637/676/663 631/670/657 636/674/661
f 637/676/663 633/671/658 632/672/659
f 638/677/664 548/576/573 633/671/658
f 597/678/621 635/675/662 634/673/660
f 599/679/623 635/675/662 596/680/624
f 601/681/626 636/674/661 599/679/623
f 601/681/626 638/677/664 637/676/663
f 603/682/629 548/576/573 638/677/664
f 640/683/665 642/684/666 639/685/667
f 643/686/668 641/687/669 640/683/665
f 645/688/670 644/689/671 643/686/668
f 647/690/672 646/691/673 645/688/670
f 538/569/566 648/692/674 647/690/672
f 650/693/675 639/685/667 649/694/676
f 651/695/677 640/683/665 650/693/675
f 652/696/678 643/686/668 651/695/677
f 653/697/679 645/688/670 652/696/678
f 549/579/576 647/690/672 653/697/679
f 655/698/680 649/694/676 654/699/681
f 656/700/682 650/693/675 655/698/680
f 657/701/683 651/695/677 656/700/682
f 657/701/683 653/697/679 652/696/678
f 658/702/684 549/579/576 653/697/679
f 659/703/685 655/698/680 654/699/681
f 660/704/686 656/700/682 655/698/680
f 661/705/687 657/701/683 656/700/682
f 662/706/688 658/702/684 657/701/683
f 663/707/689 554/583/580 658/702/684
f 664/708/690 660/704/686 659/703/685
f 665/709/691 661/705/687 660/704/686
f 666/710/692 662/706/688 661/705/687
f 667/711/693 663/707/689 662/706/688
f 668/712/694 559/588/585 663/707/689
f 670/713/695 672/714/696 669/715/697
f 673/716/698 671/717/699 670/713/695
f 675/718/700 674/719/701 673/716/698
f 677/720/702 676/721/703 675/718/700
f 569/600/597 678/722/704 677/720/702
f 680/723/705 669/715/697 679/724/706
f 681/725/707 670/713/695 680/723/705
f 682/726/708 673/716/698 681/725/707
f 683/727/709 675/718/700 682/726/708
f 579/610/606 677/720/702 683/727/709
f 685/728/710 679/724/706 684/729/711
f 686/730/712 680/723/705 685/728/710
f 687/731/713 681/725/707 686/730/712
f 687/731/713 683/727/709 682/726/708
f 688/732/714 579/610/606 683/727/709
f 689/733/715 685/728/710 684/729/711
f 690/734/716 686/730/712 685/728/710
f 691/735/717 687/731/713 686/730/712
f 692/736/718 688/732/714 687/731/713
f 693/737/719 584/614/610 688/732/714
f 642/738/666 690/734/716 689/733/715
f 641/739/669 691/735/717 690/734/716
f 644/740/671 692/736/718 691/735/717
f 646/741/673 693/737/719 692/736/718
f 648/742/674 589/619/615 693/737/719
f 695/743/720 697/744/721 694/745/722
f 698/746/723 696/747/724 695/743/720
f 700/748/725 699/749/726 698/746/723
f 702/750/727 701/751/728 700/748/725
f 594/633/622 703/752/729 702/750/727
f 705/753/730 694/745/722 704/754/731
f 706/755/732 695/743/720 705/753/730
f 707/756/733 698/746/723 706/755/732
f 708/757/734 700/748/725 707/756/733
f 604/644/631 702/750/727 708/757/734
f 710/758/735 704/754/731 709/759/736
f 711/760/737 705/753/730 710/758/735
f 712/761/738 706/755/732 711/760/737
f 712/761/738 708/757/734 707/756/733
f 713/762/739 604/644/631 708/757/734
f 714/763/740 710/758/735 709/759/736
f 715/764/741 711/760/737 710/758/735
f 716/765/742 712/761/738 711/760/737
f 717/766/743 713/762/739 712/761/738
f 718/767/744 609/648/635 713/762/739
f 672/714/696 715/764/741 714/763/740
f 671/717/699 716/765/742 715/764/741
f 674/719/701 717/766/743 716/765/742
f 676/721/703 718/767/744 717/766/743
f 678/722/704 614/653/640 718/767/744
f 720/768/745 664/708/690 719/769/746
f 721/770/747 665/709/691 720/768/745
f 722/771/748 666/710/692 721/770/747
f 723/772/749 667/711/693 722/771/748
f 619/659/646 668/712/694 723/772/749
f 725/773/750 719/769/746 724/774/751
f 726/775/752 720/768/745 725/773/750
f 727/776/753 721/770/747 726/775/752
f 728/777/754 722/771/748 727/776/753
f 624/664/651 723/772/749 728/777/754
f 730/778/755 724/774/751 729/779/756
f 731/780/757 725/773/750 730/778/755
f 732/781/758 726/775/752 731/780/757
f 732/781/758 728/777/754 727/776/753
f 733/782/759 624/664/651 728/777/754
f 734/783/760 730/778/755 729/779/756
f 735/784/761 731/780/757 730/778/755
f 736/785/762 732/781/758 731/780/757
f 737/786/763 733/782/759 732/781/758
f 738/787/764 629/668/655 733/782/759
f 697/788/721 735/784/761 734/783/760
f 696/789/724 736/785/762 735/784/761
f 699/790/726 737/786/763 736/785/762
f 701/791/728 738/787/764 737/786/763
f 703/792/729 634/673/660 738/787/764
f 739/793/765 278/345/278 314/340/320
f 741/794/766 740/795/767 739/793/765
f 743/796/768 742/797/769 741/794/766
f 745/798/770 744/799/771 743/796/768
f 745/798/770 747/800/772 746/801/773
f 748/802/774 314/340/320 309/335/315
f 749/803/775 739/793/765 748/802/774
f 750/804/776 741/794/766 749/803/775
f 751/805/777 743/796/768 750/804/776
f 751/805/777 747/800/772 745/798/770
f 752/806/778 309/335/315 304/329/308
f 753/807/779 748/802/774 752/806/778
f 754/808/780 749/803/775 753/807/779
f 754/808/780 751/805/777 750/804/776
f 755/809/781 747/800/772 751/805/777
f 299/324/303 752/806/778 304/329/308
f 756/810/782 753/807/779 752/806/778
f 757/811/783 754/808/780 753/807/779
f 758/812/784 755/809/781 754/808/780
f 759/813/785 747/800/772 755/809/781
f 245/265/245 756/810/782 299/324/303
f 760/814/786 757/811/783 756/810/782
f 761/815/787 758/812/784 757/811/783
f 762/816/788 759/813/785 758/812/784
f 763/817/789 747/800/772 759/813/785
f 765/818/790 253/271/251 764/320/298
f 767/819/791 766/820/792 765/818/790
f 769/821/793 768/822/794 767/819/791
f 771/823/795 770/824/796 769/821/793
f 771/823/795 747/825/772 772/826/797
f 773/827/798 764/320/298 290/315/293
f 774/828/799 765/818/790 773/827/798
f 775/829/800 767/819/791 774/828/799
f 776/830/801 769/821/793 775/829/800
f 776/830/801 747/825/772 771/823/795
f 777/831/802 290/315/293 285/309/286
f 778/832/803 773/827/798 777/831/802
f 779/833/804 774/828/799 778/832/803
f 779/833/804 776/830/801 775/829/800
f 780/834/805 747/825/772 776/830/801
f 275/299/276 777/831/802 285/309/286
f 781/835/806 778/832/803 777/831/802
f 782/836/807 779/833/804 778/832/803
f 783/837/808 780/834/805 779/833/804
f 784/838/809 747/825/772 780/834/805
f 278/301/278 781/835/806 275/299/276
f 740/839/767 782/836/807 781/835/806
f 742/840/769 783/837/808 782/836/807
f 744/841/771 784/838/809 783/837/808
f 746/842/773 747/825/772 784/838/809
f 785/843/810 223/295/219 270/290/271
f 787/844/811 786/845/812 785/843/810
f 789/846/813 788/847/814 787/844/811
f 791/848/815 790/849/816 789/846/813
f 791/848/815 747/825/772 792/850/817
f 793/851/818 270/290/271 265/285/266
f 794/852/819 785/843/810 793/851/818
f 795/853/820 787/844/811 794/852/819
f 796/854/821 789/846/813 795/853/820
f 796/854/821 747/825/772 791/848/815
f 797/855/822 265/285/266 260/279/259
f 798/856/823 793/851/818 797/855/822
f 799/857/824 794/852/819 798/856/823
f 799/857/824 796/854/821 795/853/820
f 800/858/825 747/825/772 796/854/821
f 250/269/249 797/855/822 260/279/259
f 801/859/826 798/856/823 797/855/822
f 802/860/827 799/857/824 798/856/823
f 803/861/828 800/858/825 799/857/824
f 804/862/829 747/825/772 800/858/825
f 253/271/251 801/859/826 250/269/249
f 766/820/792 802/860/827 801/859/826
f 768/822/794 803/861/828 802/860/827
f 770/824/796 804/862/829 803/861/828
f 772/826/797 747/825/772 804/862/829
f 805/863/830 245/265/245 240/260/239
f 806/864/831 760/814/786 805/863/830
f 807/865/832 761/815/787 806/864/831
f 808/866/833 762/816/788 807/865/832
f 808/866/833 747/800/772 763/817/789
f 809/867/834 240/260/239 235/255/234
f 810/868/835 805/863/830 809/867/834
f 811/869/836 806/864/831 810/868/835
f 812/870/837 807/865/832 811/869/836
f 812/870/837 747/800/772 808/866/833
f 813/871/838 235/255/234 230/249/227
f 814/872/839 809/867/834 813/871/838
f 815/873/840 810/868/835 814/872/839
f 815/873/840 812/870/837 811/869/836
f 816/874/841 747/800/772 812/870/837
f 817/239/217 813/871/838 230/249/227
f 818/875/842 814/872/839 813/871/838
f 819/876/843 815/873/840 814/872/839
f 820/877/844 816/874/841 815/873/840
f 821/878/845 747/800/772 816/874/841
f 223/241/219 818/875/842 817/239/217
f 786/879/812 819/876/843 818/875/842
f 788/880/814 820/877/844 819/876/843
f 790/881/816 821/878/845 820/877/844
f 792/882/817 747/800/772 821/878/845
f 2/1/1 3/5/5 4/2/2
f 5/4/4 6/7/7 3/5/5
f 7/6/6 8/9/846 6/7/7
f 9/8/8 10/11/11 8/9/847
f 9/8/8 11/17/17 12/10/848
f 14/12/12 2/1/1 1/3/3
f 15/14/14 5/4/4 2/1/1
f 16/15/15 7/6/6 5/4/4
f 17/16/16 9/8/8 7/6/6
f 17/16/16 18/883/849 11/17/17
f 19/18/18 20/20/20 14/12/12
f 21/19/19 15/14/14 14/12/12
f 21/19/19 22/22/22 16/15/15
f 23/21/21 17/16/16 16/15/15
f 24/23/23 18/883/849 17/16/16
f 25/24/24 26/25/25 20/20/20
f 26/25/25 27/26/26 21/19/19
f 27/26/26 28/27/27 22/22/22
f 28/27/27 29/29/29 23/21/21
f 30/28/28 24/23/23 23/21/21
f 31/30/30 32/31/31 26/25/25
f 32/31/31 33/32/32 27/26/26
f 33/32/32 34/33/850 28/27/27
f 34/33/33 35/35/35 29/29/29
f 36/34/34 30/28/28 29/29/29
f 38/36/36 39/40/40 40/37/37
f 41/39/39 42/42/42 39/40/40
f 43/41/41 44/44/851 42/42/42
f 45/43/43 46/46/46 44/44/44
f 45/43/43 47/52/52 48/45/45
f 50/47/47 38/36/36 37/38/38
f 51/49/49 41/39/39 38/36/36
f 52/50/50 43/41/41 41/39/39
f 53/51/51 45/43/43 43/41/41
f 53/51/51 54/884/852 47/52/52
f 55/53/53 56/55/55 50/47/47
f 57/54/54 51/49/49 50/47/47
f 57/54/54 58/57/57 52/50/50
f 59/56/56 53/51/51 52/50/50
f 60/58/58 54/884/852 53/51/51
f 61/59/59 62/60/60 56/55/55
f 62/60/60 63/61/61 57/54/54
f 63/61/61 64/62/62 58/57/57
f 64/62/62 65/64/64 59/56/56
f 66/63/63 60/58/58 59/56/56
f 4/65/2 3/66/5 62/60/60
f 3/66/5 6/67/7 63/61/61
f 6/67/7 8/68/846 64/62/62
f 8/68/847 10/70/11 65/64/64
f 12/69/848 66/63/63 65/64/64
f 68/71/65 69/75/69 70/72/66
f 71/74/68 72/77/71 69/75/69
f 73/76/70 74/79/853 72/77/71
f 75/78/72 76/81/75 74/79/854
f 75/78/72 77/87/81 78/80/855
f 80/82/76 68/71/65 67/73/67
f 81/84/78 71/74/68 68/71/65
f 82/85/79 73/76/70 71/74/68
f 83/86/80 75/78/72 73/76/70
f 83/86/80 84/885/856 77/87/81
f 85/88/82 86/90/84 80/82/76
f 87/89/83 81/84/78 80/82/76
f 87/89/83 88/92/86 82/85/79
f 89/91/85 83/86/80 82/85/79
f 90/93/87 84/885/856 83/86/80
f 91/94/88 92/95/89 86/90/84
f 92/95/89 93/96/90 87/89/83
f 93/96/90 94/97/91 88/92/86
f 94/97/91 95/99/93 89/91/85
f 96/98/92 90/93/87 89/91/85
f 40/37/37 39/40/40 92/95/89
f 39/40/40 42/42/42 93/96/90
f 42/42/42 44/44/851 94/97/91
f 44/44/44 46/46/46 95/99/93
f 48/45/45 96/98/92 95/99/93
f 98/100/94 32/31/31 31/30/30
f 99/102/96 33/32/32 32/31/31
f 100/103/97 34/33/850 33/32/32
f 101/104/98 35/35/35 34/33/33
f 101/104/98 102/110/104 36/34/34
f 104/105/99 98/100/94 97/101/95
f 105/107/101 99/102/96 98/100/94
f 106/108/102 100/103/97 99/102/96
f 107/109/103 101/104/98 100/103/97
f 107/109/103 108/886/857 102/110/104
f 109/111/105 110/113/107 104/105/99
f 111/112/106 105/107/101 104/105/99
f 111/112/106 112/115/109 106/108/102
f 113/114/108 107/109/103 106/108/102
f 114/116/110 108/886/857 107/109/103
f 115/117/111 116/118/112 110/113/107
f 116/118/112 117/119/113 111/112/106
f 117/119/113 118/120/114 112/115/109
f 118/120/114 119/122/116 113/114/108
f 120/121/115 114/116/110 113/114/108
f 70/123/66 69/124/69 116/118/112
f 69/124/69 72/125/71 117/119/113
f 72/125/71 74/126/853 118/120/114
f 74/126/854 76/128/75 119/122/116
f 78/127/855 120/121/115 119/122/116
f 122/129/117 123/133/121 124/130/118
f 125/132/120 126/135/123 123/133/121
f 127/134/122 128/137/125 126/135/123
f 129/136/124 130/138/126 128/137/125
f 1/3/3 4/2/2 130/138/126
f 132/139/127 122/129/117 121/131/232
f 133/141/129 125/132/120 122/129/117
f 134/142/130 127/134/122 125/132/120
f 135/143/131 129/136/124 127/134/122
f 13/13/13 1/3/3 129/136/124
f 136/144/132 137/146/134 132/139/127
f 138/145/133 133/141/129 132/139/127
f 138/145/133 139/148/136 134/142/130
f 140/147/135 135/143/131 134/142/130
f 19/18/18 13/13/13 135/143/131
f 141/149/243 142/150/138 137/146/134
f 142/150/138 143/151/139 138/145/133
f 143/151/139 144/152/140 139/148/136
f 144/152/140 145/153/141 140/147/135
f 145/153/141 25/24/24 19/18/18
f 146/154/142 147/155/143 142/150/138
f 147/155/143 148/156/144 143/151/139
f 148/156/144 149/157/145 144/152/140
f 149/157/145 150/158/146 145/153/141
f 150/158/146 31/30/30 25/24/24
f 152/159/147 153/163/151 154/160/148
f 155/162/150 156/165/153 153/163/151
f 157/164/152 158/167/155 156/165/153
f 159/166/154 160/168/156 158/167/155
f 37/38/38 40/37/37 160/168/156
f 162/169/157 152/159/147 151/161/264
f 163/171/159 155/162/150 152/159/147
f 164/172/160 157/164/152 155/162/150
f 165/173/161 159/166/154 157/164/152
f 49/48/48 37/38/38 159/166/154
f 166/174/162 167/176/164 162/169/157
f 168/175/163 163/171/159 162/169/157
f 168/175/163 169/178/166 164/172/160
f 170/177/165 165/173/161 164/172/160
f 55/53/53 49/48/48 165/173/161
f 171/179/275 172/180/168 167/176/164
f 172/180/168 173/181/169 168/175/163
f 173/181/169 174/182/170 169/178/166
f 174/182/170 175/183/171 170/177/165
f 175/183/171 61/59/59 55/53/53
f 124/184/118 123/185/121 172/180/168
f 123/185/121 126/186/123 173/181/169
f 126/186/123 128/187/125 174/182/170
f 128/187/125 130/188/126 175/183/171
f 130/188/126 4/65/2 61/59/59
f 177/189/172 178/193/176 179/190/173
f 180/192/175 181/195/178 178/193/176
f 182/194/177 183/197/180 181/195/178
f 184/196/179 185/198/181 183/197/180
f 67/73/67 70/72/66 185/198/181
f 187/199/182 177/189/172 176/191/291
f 188/201/184 180/192/175 177/189/172
f 189/202/185 182/194/177 180/192/175
f 190/203/186 184/196/179 182/194/177
f 79/83/77 67/73/67 184/196/179
f 191/204/187 192/206/189 187/199/182
f 193/205/188 188/201/184 187/199/182
f 193/205/188 194/208/191 189/202/185
f 195/207/190 190/203/186 189/202/185
f 85/88/82 79/83/77 190/203/186
f 196/209/302 197/210/193 192/206/189
f 197/210/193 198/211/194 193/205/188
f 198/211/194 199/212/195 194/208/191
f 199/212/195 200/213/196 195/207/190
f 200/213/196 91/94/88 85/88/82
f 154/160/148 153/163/151 197/210/193
f 153/163/151 156/165/153 198/211/194
f 156/165/153 158/167/155 199/212/195
f 158/167/155 160/168/156 200/213/196
f 160/168/156 40/37/37 91/94/88
f 202/214/197 147/155/143 146/154/142
f 203/216/199 148/156/144 147/155/143
f 204/217/200 149/157/145 148/156/144
f 205/218/201 150/158/146 149/157/145
f 97/101/95 31/30/30 150/158/146
f 207/219/202 202/214/197 201/215/313
f 208/221/204 203/216/199 202/214/197
f 209/222/205 204/217/200 203/216/199
f 210/223/206 205/218/201 204/217/200
f 103/106/100 97/101/95 205/218/201
f 211/224/207 212/226/209 207/219/202
f 213/225/208 208/221/204 207/219/202
f 213/225/208 214/228/211 209/222/205
f 215/227/210 210/223/206 209/222/205
f 109/111/105 103/106/100 210/223/206
f 216/229/324 217/230/213 212/226/209
f 217/230/213 218/231/214 213/225/208
f 218/231/214 219/232/215 214/228/211
f 219/232/215 220/233/216 215/227/210
f 220/233/216 115/117/111 109/111/105
f 179/234/173 178/235/176 217/230/213
f 178/235/176 181/236/178 218/231/214
f 181/236/178 183/237/180 219/232/215
f 183/237/180 185/238/181 220/233/216
f 185/238/181 70/123/66 115/117/111
f 817/239/217 221/242/220 222/240/218
f 221/242/220 224/244/222 225/243/221
f 224/244/222 226/246/224 227/245/223
f 226/246/224 228/248/226 229/247/225
f 228/248/226 121/131/119 124/130/118
f 230/249/227 231/250/228 221/242/220
f 231/250/228 232/251/229 224/244/222
f 232/251/229 233/252/230 226/246/224
f 233/252/230 234/253/231 228/248/226
f 234/253/231 131/140/128 121/131/119
f 236/254/233 231/250/228 230/249/227
f 237/256/235 232/251/229 231/250/228
f 238/257/236 233/252/230 232/251/229
f 239/258/237 234/253/231 233/252/230
f 239/258/237 136/144/132 131/140/128
f 241/259/238 236/254/233 235/255/234
f 242/261/240 237/256/235 236/254/233
f 243/262/241 238/257/236 237/256/235
f 244/263/242 239/258/237 238/257/236
f 141/149/137 136/144/132 239/258/237
f 246/264/244 241/259/238 240/260/239
f 247/266/246 242/261/240 241/259/238
f 248/267/247 243/262/241 242/261/240
f 249/268/248 244/263/242 243/262/241
f 146/154/142 141/149/137 244/263/242
f 250/269/249 251/272/252 252/270/250
f 251/272/252 254/274/254 255/273/253
f 254/274/254 256/276/256 257/275/255
f 256/276/256 258/278/258 259/277/257
f 258/278/258 151/161/149 154/160/148
f 260/279/259 261/280/260 251/272/252
f 261/280/260 262/281/261 254/274/254
f 262/281/261 263/282/262 256/276/256
f 263/282/262 264/283/263 258/278/258
f 264/283/263 161/170/158 151/161/264
f 266/284/265 261/280/260 260/279/259
f 267/286/267 262/281/261 261/280/260
f 268/287/268 263/282/262 262/281/261
f 269/288/269 264/283/263 263/282/262
f 269/288/269 166/174/162 161/170/158
f 271/289/270 266/284/265 265/285/266
f 272/291/272 267/286/267 266/284/265
f 273/292/273 268/287/268 267/286/267
f 274/293/274 269/288/269 268/287/268
f 171/179/167 166/174/162 269/288/269
f 222/294/218 271/289/270 270/290/271
f 225/296/221 272/291/272 271/289/270
f 227/297/223 273/292/273 272/291/272
f 229/298/225 274/293/274 273/292/273
f 124/184/118 171/179/167 274/293/274
f 275/299/276 276/302/279 277/300/277
f 276/302/279 279/304/281 280/303/280
f 279/304/281 281/306/283 282/305/282
f 281/306/283 283/308/285 284/307/284
f 283/308/285 176/191/174 179/190/173
f 285/309/286 286/310/287 276/302/279
f 286/310/287 287/311/288 279/304/281
f 287/311/288 288/312/289 281/306/283
f 288/312/289 289/313/290 283/308/285
f 289/313/290 186/200/183 176/191/174
f 291/314/292 286/310/287 285/309/286
f 292/316/294 287/311/288 286/310/287
f 293/317/295 288/312/289 287/311/288
f 294/318/296 289/313/290 288/312/289
f 294/318/296 191/204/187 186/200/183
f 295/319/297 291/314/292 290/315/293
f 296/321/299 292/316/294 291/314/292
f 297/322/300 293/317/295 292/316/294
f 298/323/301 294/318/296 293/317/295
f 196/209/302 191/204/187 294/318/296
f 252/270/250 295/319/297 764/320/298
f 255/273/253 296/321/299 295/319/297
f 257/275/255 297/322/300 296/321/299
f 259/277/257 298/323/301 297/322/300
f 154/160/148 196/209/192 298/323/301
f 299/324/303 300/325/304 246/264/244
f 300/325/304 301/326/305 247/266/246
f 301/326/305 302/327/306 248/267/247
f 302/327/306 303/328/307 249/268/248
f 303/328/307 201/215/198 146/154/142
f 304/329/308 305/330/309 300/325/304
f 305/330/309 306/331/310 301/326/305
f 306/331/310 307/332/311 302/327/306
f 307/332/311 308/333/312 303/328/307
f 308/333/312 206/220/203 201/215/198
f 310/334/314 305/330/309 304/329/308
f 311/336/316 306/331/310 305/330/309
f 312/337/317 307/332/311 306/331/310
f 313/338/318 308/333/312 307/332/311
f 313/338/318 211/224/207 206/220/203
f 315/339/319 310/334/314 309/335/315
f 316/341/321 311/336/316 310/334/314
f 317/342/322 312/337/317 311/336/316
f 318/343/323 313/338/318 312/337/317
f 216/229/212 211/224/207 313/338/318
f 277/344/277 315/339/319 314/340/320
f 280/346/280 316/341/321 315/339/319
f 282/347/282 317/342/322 316/341/321
f 284/348/284 318/343/323 317/342/322
f 179/234/173 216/229/212 318/343/323
f 319/349/325 320/352/328 321/350/326
f 320/352/328 323/354/330 324/353/329
f 323/354/330 325/356/332 326/355/331
f 325/356/332 327/359/335 328/357/333
f 329/358/334 330/887/858 328/357/333
f 331/360/336 332/361/337 320/352/328
f 332/361/337 333/362/338 323/354/330
f 333/362/338 334/363/339 325/356/332
f 334/363/339 335/365/341 327/359/335
f 336/364/340 329/358/334 327/359/335
f 337/366/342 338/367/343 332/361/337
f 338/367/343 339/368/344 333/362/338
f 339/368/344 340/369/345 334/363/339
f 340/369/345 341/371/347 335/365/341
f 342/370/346 336/364/340 335/365/341
f 343/372/348 344/373/349 338/367/343
f 344/373/349 345/374/351 339/368/350
f 345/374/351 346/375/353 340/369/345
f 346/375/353 347/377/355 341/371/347
f 348/376/354 342/370/346 341/371/347
f 349/378/356 350/379/357 344/373/349
f 350/379/357 351/380/359 345/374/351
f 351/380/359 352/381/360 346/375/353
f 352/381/360 353/383/362 347/377/859
f 354/382/361 348/376/354 347/377/355
f 356/384/363 350/379/357 349/378/356
f 357/386/372 351/380/359 350/379/357
f 358/387/366 352/381/360 351/380/359
f 359/388/860 353/383/362 352/381/360
f 359/388/367 360/394/375 354/382/361
f 362/389/368 356/384/363 355/385/364
f 363/391/370 357/386/372 356/384/363
f 364/392/381 358/387/366 357/386/372
f 365/393/374 359/388/367 358/387/366
f 365/393/374 366/400/382 360/394/375
f 368/395/376 362/389/368 361/390/369
f 369/397/378 363/391/373 362/389/368
f 370/398/379 364/392/381 363/391/373
f 371/399/380 365/393/374 364/392/381
f 371/399/380 372/406/388 366/400/382
f 374/401/383 368/395/376 367/396/377
f 375/403/385 369/397/378 368/395/376
f 376/404/386 370/398/379 369/397/378
f 377/405/387 371/399/380 370/398/379
f 377/405/387 378/407/389 372/406/388
f 321/350/326 374/401/383 373/402/384
f 324/353/329 375/403/385 374/401/383
f 326/355/331 376/404/386 375/403/385
f 328/357/333 377/405/387 376/404/386
f 328/357/333 330/887/858 378/407/389
f 379/408/390 380/411/393 381/409/391
f 380/411/393 383/413/395 384/412/861
f 383/413/395 385/415/397 386/414/396
f 385/415/397 387/417/399 388/416/398
f 387/417/399 319/349/325 322/351/327
f 389/418/400 390/419/402 380/411/393
f 390/419/402 391/420/403 383/413/395
f 391/420/403 392/421/404 385/415/397
f 392/421/404 393/422/405 387/417/399
f 393/422/405 331/360/336 319/349/325
f 394/423/406 395/424/407 390/419/402
f 395/424/407 396/425/408 391/420/403
f 396/425/408 397/426/409 392/421/404
f 397/426/409 398/427/410 393/422/405
f 398/427/410 337/366/342 331/360/336
f 399/428/411 400/429/412 395/424/407
f 400/429/412 401/430/413 396/425/408
f 401/430/862 402/431/414 397/426/409
f 402/431/414 403/432/415 398/427/410
f 403/432/415 343/372/348 337/366/342
f 154/433/863 404/434/416 400/429/412
f 404/434/416 405/435/418 401/430/413
f 405/435/418 406/436/419 402/431/414
f 406/436/419 407/437/420 403/432/415
f 407/437/420 349/378/356 343/372/348
f 409/438/421 404/434/416 154/433/864
f 410/440/425 405/435/418 404/434/416
f 411/441/424 406/436/419 405/435/418
f 412/442/426 407/437/420 406/436/419
f 355/385/364 349/378/356 407/437/420
f 414/443/427 409/438/421 408/439/422
f 415/445/429 410/440/425 409/438/421
f 416/446/430 411/441/424 410/440/865
f 417/447/431 412/442/426 411/441/424
f 361/390/369 355/385/364 412/442/426
f 419/448/432 414/443/427 413/444/428
f 420/450/434 415/445/429 414/443/427
f 421/451/435 416/446/430 415/445/429
f 422/452/436 417/447/431 416/446/430
f 367/396/377 361/390/369 417/447/431
f 424/453/437 419/448/432 418/449/433
f 425/455/439 420/450/434 419/448/432
f 426/456/440 421/451/435 420/450/434
f 427/457/441 422/452/436 421/451/435
f 373/402/384 367/396/377 422/452/436
f 381/409/391 424/453/437 423/454/442
f 384/412/861 425/455/439 424/453/437
f 386/414/396 426/456/440 425/455/439
f 388/416/398 427/457/441 426/456/440
f 322/351/327 373/402/384 427/457/441
f 428/458/443 429/461/866 430/459/444
f 429/461/867 432/464/449 433/462/447
f 434/463/448 435/466/451 433/462/447
f 436/465/450 437/468/453 435/466/451
f 438/467/452 439/888/868 437/468/453
f 440/469/454 441/470/455 429/461/869
f 441/470/455 442/472/457 432/464/449
f 443/471/456 434/463/448 432/464/449
f 444/473/458 436/465/450 434/463/448
f 445/474/459 438/467/452 436/465/870
f 446/475/461 447/477/468 441/470/455
f 448/476/462 442/472/457 441/470/455
f 449/478/464 443/471/456 442/472/457
f 450/479/465 444/473/458 443/471/456
f 451/480/466 445/474/459 444/473/458
f 452/481/467 453/483/470 447/477/468
f 454/482/469 448/476/462 447/477/463
f 455/484/471 449/478/464 448/476/462
f 456/485/472 450/479/465 449/478/464
f 457/486/473 451/480/466 450/479/465
f 458/487/474 459/489/476 453/483/470
f 460/488/475 454/482/469 453/483/470
f 461/490/477 455/484/471 454/482/469
f 462/491/478 456/485/472 455/484/471
f 463/492/480 457/486/871 456/485/472
f 465/493/481 459/489/476 458/487/474
f 465/493/481 466/495/483 460/488/475
f 466/495/483 467/496/484 461/490/477
f 467/496/484 468/497/485 462/491/478
f 468/497/485 469/503/872 463/492/480
f 471/498/486 465/493/481 464/494/482
f 471/498/494 472/500/488 466/495/483
f 472/500/488 473/501/489 467/496/484
f 473/501/489 474/502/490 468/497/485
f 474/502/490 475/509/498 469/503/491
f 477/504/492 471/498/486 470/499/487
f 477/504/492 478/506/495 472/500/488
f 478/506/495 479/507/496 473/501/489
f 479/507/496 480/508/497 474/502/490
f 480/508/497 481/515/504 475/509/498
f 483/510/873 477/504/492 476/505/493
f 484/512/501 478/506/495 477/504/492
f 484/512/501 485/513/502 479/507/496
f 485/513/502 486/514/505 480/508/497
f 486/514/874 487/516/506 481/515/504
f 430/459/444 483/510/875 482/511/500
f 433/462/447 484/512/501 483/510/876
f 433/462/447 435/466/451 485/513/502
f 435/466/451 437/468/453 486/514/505
f 437/468/453 439/888/868 487/516/506
f 489/517/507 490/521/511 491/518/508
f 492/520/510 493/523/513 490/521/511
f 494/522/514 495/525/516 493/523/513
f 494/522/512 496/526/517 497/524/515
f 496/526/517 428/458/443 431/460/445
f 499/527/518 489/517/507 488/519/509
f 500/529/520 492/520/510 489/517/507
f 501/530/521 494/522/512 492/520/510
f 501/530/521 502/531/527 496/526/877
f 502/531/527 440/469/454 428/458/443
f 504/532/523 499/527/518 498/528/519
f 505/534/525 500/529/520 499/527/518
f 505/534/525 506/535/878 501/530/521
f 506/535/526 507/536/528 502/531/527
f 507/536/528 446/475/461 440/469/454
f 509/537/529 504/532/523 503/533/524
f 510/539/879 505/534/525 504/532/523
f 510/539/531 511/540/532 506/535/526
f 511/540/537 512/541/533 507/536/528
f 512/541/533 452/481/467 446/475/461
f 514/542/534 509/537/529 508/538/530
f 515/544/536 510/539/531 509/537/529
f 515/544/536 516/545/538 511/540/537
f 516/545/538 517/546/539 512/541/533
f 517/546/539 458/487/474 452/481/467
f 518/547/540 519/548/541 514/542/534
f 519/548/541 520/550/543 515/544/536
f 521/549/542 516/545/538 515/544/536
f 522/551/544 517/546/539 516/545/538
f 464/494/482 458/487/474 517/546/539
f 523/552/545 524/553/546 519/548/541
f 524/553/546 525/555/548 520/550/880
f 526/554/551 521/549/542 520/550/543
f 527/556/549 522/551/544 521/549/542
f 470/499/487 464/494/482 522/551/544
f 528/557/552 529/558/553 524/553/546
f 529/558/553 530/560/555 525/555/548
f 531/559/554 526/554/551 525/555/548
f 532/561/556 527/556/549 526/554/547
f 476/505/493 470/499/487 527/556/549
f 533/562/557 534/563/558 529/558/553
f 534/563/558 535/564/559 530/560/555
f 535/564/559 536/566/561 531/559/554
f 537/565/881 532/561/556 531/559/554
f 482/511/500 476/505/493 532/561/556
f 491/518/508 490/521/511 534/563/558
f 490/521/511 493/523/513 535/564/559
f 493/523/513 495/525/516 536/566/563
f 497/524/515 537/565/560 536/566/561
f 431/460/445 482/511/500 537/565/560
f 539/567/564 540/571/568 541/568/565
f 539/567/564 542/572/569 543/570/567
f 542/572/569 544/575/572 545/573/570
f 546/574/571 547/577/574 545/573/570
f 550/578/575 539/567/564 538/569/566
f 550/578/575 551/580/577 542/572/569
f 551/580/577 552/582/579 544/575/572
f 553/581/578 546/574/571 544/575/572
f 554/583/580 555/584/581 550/578/575
f 555/584/581 556/585/582 551/580/577
f 556/585/582 557/587/584 552/582/579
f 558/586/583 553/581/578 552/582/579
f 559/588/585 560/590/587 555/584/581
f 561/589/586 556/585/582 555/584/581
f 562/591/588 557/587/584 556/585/582
f 562/591/588 563/592/589 558/586/583
f 564/593/590 565/595/592 560/590/587
f 566/594/591 561/589/586 560/590/587
f 567/596/593 562/591/588 561/589/586
f 567/596/593 568/597/594 563/592/589
f 570/598/595 571/602/599 572/599/596
f 570/598/595 573/603/600 574/601/598
f 573/603/600 575/606/603 576/604/601
f 577/605/602 578/608/604 576/604/601
f 580/609/605 570/598/595 569/600/597
f 580/609/605 581/611/607 573/603/600
f 581/611/607 582/613/609 575/606/603
f 583/612/608 577/605/602 575/606/603
f 584/614/610 585/615/611 580/609/605
f 585/615/611 586/616/612 581/611/607
f 586/616/612 587/618/614 582/613/609
f 588/617/613 583/612/608 582/613/609
f 589/619/615 590/621/617 585/615/611
f 591/620/616 586/616/612 585/615/611
f 592/622/618 587/618/614 586/616/612
f 592/622/618 593/623/619 588/617/613
f 541/889/565 540/890/568 590/891/617
f 543/629/567 591/620/616 590/621/617
f 545/628/570 592/622/618 591/620/616
f 545/628/570 547/630/574 593/623/619
f 595/892/620 596/893/624 597/894/621
f 595/631/620 598/637/625 599/639/623
f 598/637/625 600/641/628 601/638/626
f 602/640/627 603/642/629 601/638/626
f 605/643/630 595/631/620 594/633/622
f 605/643/630 606/645/632 598/637/625
f 606/645/632 607/647/634 600/641/628
f 608/646/633 602/640/627 600/641/628
f 609/648/635 610/649/636 605/643/630
f 610/649/636 611/650/637 606/645/632
f 611/650/637 612/652/639 607/647/634
f 613/651/638 608/646/633 607/647/634
f 614/653/640 615/655/642 610/649/636
f 616/654/641 611/650/637 610/649/636
f 617/656/643 612/652/639 611/650/637
f 617/656/643 618/657/644 613/651/638
f 572/599/596 571/602/599 615/655/642
f 574/601/598 616/654/641 615/655/642
f 576/604/601 617/656/643 616/654/641
f 576/604/601 578/608/604 618/657/644
f 620/658/645 565/595/592 564/593/590
f 620/658/645 621/660/647 566/594/591
f 621/660/647 622/662/649 567/596/593
f 623/661/648 568/597/594 567/596/593
f 625/663/650 620/658/645 619/659/646
f 625/663/650 626/665/652 621/660/647
f 626/665/652 627/667/654 622/662/649
f 628/666/653 623/661/648 622/662/649
f 629/668/655 630/669/656 625/663/650
f 630/669/656 631/670/657 626/665/652
f 631/670/657 632/672/659 627/667/654
f 633/671/658 628/666/653 627/667/654
f 634/673/660 635/675/662 630/669/656
f 636/674/661 631/670/657 630/669/656
f 637/676/663 632/672/659 631/670/657
f 637/676/663 638/677/664 633/671/658
f 597/678/621 596/680/624 635/675/662
f 599/679/623 636/674/661 635/675/662
f 601/681/626 637/676/663 636/674/661
f 601/681/626 603/682/629 638/677/664
f 640/683/665 641/687/669 642/684/666
f 643/686/668 644/689/671 641/687/669
f 645/688/670 646/691/673 644/689/671
f 647/690/672 648/692/674 646/691/673
f 538/569/566 541/568/565 648/692/674
f 650/693/675 640/683/665 639/685/667
f 651/695/677 643/686/668 640/683/665
f 652/696/678 645/688/670 643/686/668
f 653/697/679 647/690/672 645/688/670
f 549/579/576 538/569/566 647/690/672
f 655/698/680 650/693/675 649/694/676
f 656/700/682 651/695/677 650/693/675
f 657/701/683 652/696/678 651/695/677
f 657/701/683 658/702/684 653/697/679
f 658/702/684 554/583/580 549/579/576
f 659/703/685 660/704/686 655/698/680
f 660/704/686 661/705/687 656/700/682
f 661/705/687 662/706/688 657/701/683
f 662/706/688 663/707/689 658/702/684
f 663/707/689 559/588/585 554/583/580
f 664/708/690 665/709/691 660/704/686
f 665/709/691 666/710/692 661/705/687
f 666/710/692 667/711/693 662/706/688
f 667/711/693 668/712/694 663/707/689
f 668/712/694 564/593/590 559/588/585
f 670/713/695 671/717/699 672/714/696
f 673/716/698 674/719/701 671/717/699
f 675/718/700 676/721/703 674/719/701
f 677/720/702 678/722/704 676/721/703
f 569/600/597 572/599/596 678/722/704
f 680/723/705 670/713/695 669/715/697
f 681/725/707 673/716/698 670/713/695
f 682/726/708 675/718/700 673/716/698
f 683/727/709 677/720/702 675/718/700
f 579/610/606 569/600/597 677/720/702
f 685/728/710 680/723/705 679/724/706
f 686/730/712 681/725/707 680/723/705
f 687/731/713 682/726/708 681/725/707
f 687/731/713 688/732/714 683/727/709
f 688/732/714 584/614/610 579/610/606
f 689/733/715 690/734/716 685/728/710
f 690/734/716 691/735/717 686/730/712
f 691/735/717 692/736/718 687/731/713
f 692/736/718 693/737/719 688/732/714
f 693/737/719 589/619/615 584/614/610
f 642/738/666 641/739/669 690/734/716
f 641/739/669 644/740/671 691/735/717
f 644/740/671 646/741/673 692/736/718
f 646/741/673 648/742/674 693/737/719
f 648/742/674 541/624/565 589/619/615
f 695/743/720 696/747/724 697/744/721
f 698/746/723 699/749/726 696/747/724
f 700/748/725 701/751/728 699/749/726
f 702/750/727 703/752/729 701/751/728
f 594/633/622 597/632/621 703/752/729
f 705/753/730 695/743/720 694/745/722
f 706/755/732 698/746/723 695/743/720
f 707/756/733 700/748/725 698/746/723
f 708/757/734 702/750/727 700/748/725
f 604/644/631 594/633/622 702/750/727
f 710/758/735 705/753/730 704/754/731
f 711/760/737 706/755/732 705/753/730
f 712/761/738 707/756/733 706/755/732
f 712/761/738 713/762/739 708/757/734
f 713/762/739 609/648/635 604/644/631
f 714/763/740 715/764/741 710/758/735
f 715/764/741 716/765/742 711/760/737
f 716/765/742 717/766/743 712/761/738
f 717/766/743 718/767/744 713/762/739
f 718/767/744 614/653/640 609/648/635
f 672/714/696 671/717/699 715/764/741
f 671/717/699 674/719/701 716/765/742
f 674/719/701 676/721/703 717/766/743
f 676/721/703 678/722/704 718/767/744
f 678/722/704 572/599/596 614/653/640
f 720/768/745 665/709/691 664/708/690
f 721/770/747 666/710/692 665/709/691
f 722/771/748 667/711/693 666/710/692
f 723/772/749 668/712/694 667/711/693
f 619/659/646 564/593/590 668/712/694
f 725/773/750 720/768/745 719/769/746
f 726/775/752 721/770/747 720/768/745
f 727/776/753 722/771/748 721/770/747
f 728/777/754 723/772/749 722/771/748
f 624/664/651 619/659/646 723/772/749
f 730/778/755 725/773/750 724/774/751
f 731/780/757 726/775/752 725/773/750
f 732/781/758 727/776/753 726/775/752
f 732/781/758 733/782/759 728/777/754
f 733/782/759 629/668/655 624/664/651
f 734/783/760 735/784/761 730/778/755
f 735/784/761 736/785/762 731/780/757
f 736/785/762 737/786/763 732/781/758
f 737/786/763 738/787/764 733/782/759
f 738/787/764 634/673/660 629/668/655
f 697/788/721 696/789/724 735/784/761
f 696/789/724 699/790/726 736/785/762
f 699/790/726 701/791/728 737/786/763
f 701/791/728 703/792/729 738/787/764
f 703/792/729 597/678/621 634/673/660
f 739/793/765 740/795/767 278/345/278
f 741/794/766 742/797/769 740/795/767
f 743/796/768 744/799/771 742/797/769
f 745/798/770 746/801/773 744/799/771
f 748/802/774 739/793/765 314/340/320
f 749/803/775 741/794/766 739/793/765
f 750/804/776 743/796/768 741/794/766
f 751/805/777 745/798/770 743/796/768
f 752/806/778 748/802/774 309/335/315
f 753/807/779 749/803/775 748/802/774
f 754/808/780 750/804/776 749/803/775
f 754/808/780 755/809/781 751/805/777
f 299/324/303 756/810/782 752/806/778
f 756/810/782 757/811/783 753/807/779
f 757/811/783 758/812/784 754/808/780
f 758/812/784 759/813/785 755/809/781
f 245/265/245 760/814/786 756/810/782
f 760/814/786 761/815/787 757/811/783
f 761/815/787 762/816/788 758/812/784
f 762/816/788 763/817/789 759/813/785
f 765/818/790 766/820/792 253/271/251
f 767/819/791 768/822/794 766/820/792
f 769/821/793 770/824/796 768/822/794
f 771/823/795 772/826/797 770/824/796
f 773/827/798 765/818/790 764/320/298
f 774/828/799 767/819/791 765/818/790
f 775/829/800 769/821/793 767/819/791
f 776/830/801 771/823/795 769/821/793
f 777/831/802 773/827/798 290/315/293
f 778/832/803 774/828/799 773/827/798
f 779/833/804 775/829/800 774/828/799
f 779/833/804 780/834/805 776/830/801
f 275/299/276 781/835/806 777/831/802
f 781/835/806 782/836/807 778/832/803
f 782/836/807 783/837/808 779/833/804
f 783/837/808 784/838/809 780/834/805
f 278/301/278 740/839/767 781/835/806
f 740/839/767 742/840/769 782/836/807
f 742/840/769 744/841/771 783/837/808
f 744/841/771 746/842/773 784/838/809
f 785/843/810 786/845/812 223/295/219
f 787/844/811 788/847/814 786/845/812
f 789/846/813 790/849/816 788/847/814
f 791/848/815 792/850/817 790/849/816
f 793/851/818 785/843/810 270/290/271
f 794/852/819 787/844/811 785/843/810
f 795/853/820 789/846/813 787/844/811
f 796/854/821 791/848/815 789/846/813
f 797/855/822 793/851/818 265/285/266
f 798/856/823 794/852/819 793/851/818
f 799/857/824 795/853/820 794/852/819
f 799/857/824 800/858/825 796/854/821
f 250/269/249 801/859/826 797/855/822
f 801/859/826 802/860/827 798/856/823
f 802/860/827 803/861/828 799/857/824
f 803/861/828 804/862/829 800/858/825
f 253/271/251 766/820/792 801/859/826
f 766/820/792 768/822/794 802/860/827
f 768/822/794 770/824/796 803/861/828
f 770/824/796 772/826/797 804/862/829
f 805/863/830 760/814/786 245/265/245
f 806/864/831 761/815/787 760/814/786
f 807/865/832 762/816/788 761/815/787
f 808/866/833 763/817/789 762/816/788
f 809/867/834 805/863/830 240/260/239
f 810/868/835 806/864/831 805/863/830
f 811/869/836 807/865/832 806/864/831
f 812/870/837 808/866/833 807/865/832
f 813/871/838 809/867/834 235/255/234
f 814/872/839 810/868/835 809/867/834
f 815/873/840 811/869/836 810/868/835
f 815/873/840 816/874/841 812/870/837
f 817/239/217 818/875/842 813/871/838
f 818/875/842 819/876/843 814/872/839
f 819/876/843 820/877/844 815/873/840
f 820/877/844 821/878/845 816/874/841
f 223/241/219 786/879/812 818/875/842
f 786/879/812 788/880/814 819/876/843
f 788/880/814 790/881/816 820/877/844
f 790/881/816 792/882/817 821/878/845
